-39.34,2.23,-9.23,-12.20,5.43,6.58,-0.04,-8.81,6.55,8.06,-1.48,1.22,4.65,-2.88,-6.42,6.02,0.57,0.78,5.55,-3.29
-25.38,-18.99,13.61,-22.99,-9.50,4.40,-1.30,11.25,-7.77,0.85,0.14,-1.50,0.14,-1.16,0.65,-13.40,0.90,0.16,1.79,1.30
-14.08,8.59,-5.09,-22.20,-9.33,6.16,-1.08,4.35,-2.46,1.49,0.79,-1.16,2.15,-0.25,-1.25,-9.88,-1.05,-1.20,1.50,2.71
-26.69,1.16,-2.70,-20.91,-5.55,4.07,-0.94,9.91,-7.28,2.74,2.15,-2.35,3.04,0.27,3.20,-8.48,1.31,0.27,3.36,4.51
-1.86,6.47,2.67,-21.56,-10.44,5.91,-0.49,3.14,0.15,-1.69,-1.09,0.38,-2.11,0.20,-5.01,-10.02,-1.68,-1.54,-1.33,-0.84
-17.37,16.17,-12.99,-17.67,0.27,7.87,-0.24,1.12,-0.47,2.57,0.37,-1.58,5.50,-0.80,-6.58,-8.12,0.82,0.40,1.27,1.27
-26.43,21.97,-8.45,-15.54,-0.17,3.98,-0.69,5.68,-4.62,1.29,-0.13,-3.20,2.84,-2.17,-0.64,-5.83,-0.31,-0.88,2.44,3.91
1.09,-5.07,-7.14,8.06,15.54,17.41,-1.45,1.87,0.87,-0.94,-0.69,0.93,-0.29,0.62,-4.51,5.00,1.45,-1.15,1.14,-3.56
34.54,14.31,-10.66,12.86,8.20,18.51,-2.25,-0.77,1.46,1.50,-1.21,3.03,-3.20,1.00,-3.16,-2.06,-0.73,-0.92,-0.75,-2.04
-9.38,27.90,-17.55,-17.94,-0.23,4.76,-0.50,-0.06,0.46,4.14,1.25,-1.35,4.65,-0.93,-8.97,-9.88,0.73,0.68,1.22,0.16
-50.80,-8.94,6.62,-15.75,1.21,1.47,0.09,4.44,-2.30,4.54,0.08,0.70,0.69,-2.24,0.98,1.25,-0.21,0.79,1.01,-2.23
-3.14,-8.13,4.15,-26.17,-13.68,7.87,-0.88,3.90,-3.16,-0.93,1.55,-2.20,1.47,0.73,-3.60,-10.65,-0.50,0.00,1.64,2.03
-11.11,-10.05,1.46,-24.24,-10.04,7.65,-0.51,3.52,-2.26,1.51,0.17,0.16,0.98,2.57,-4.50,-12.35,-0.44,-0.79,3.25,2.23
5.06,40.67,-3.78,-20.37,-5.76,4.24,-0.54,5.56,-4.83,0.64,-2.46,1.96,-0.73,-2.72,-10.02,-11.33,1.91,-1.92,-2.90,-0.40
30.60,-6.88,1.19,7.82,5.98,17.71,-2.45,8.95,-4.59,-3.95,-1.01,-0.55,-3.77,-0.21,3.62,-0.40,1.12,-2.84,2.48,-3.11
-7.35,5.27,-1.21,-18.10,-6.36,2.23,-0.79,2.25,-0.01,1.24,-0.06,0.13,2.24,-1.79,-10.15,-8.61,-0.05,-1.42,-3.56,2.03
4.43,-4.42,4.89,-26.31,-15.22,8.43,-1.14,-1.98,4.51,2.97,-3.38,2.03,-2.66,0.40,-2.17,-7.57,-0.27,-1.31,-0.54,-0.87
-66.11,3.74,3.69,10.99,-12.51,1.53,0.09,-1.78,0.55,3.42,0.11,3.38,-9.17,27.32,-12.06,-2.28,-0.82,-0.92,1.04,-0.43
40.44,-6.56,-4.91,18.20,2.07,27.64,-2.56,-1.19,3.60,1.88,-3.59,5.02,-6.06,-0.55,-2.64,-5.26,0.60,-1.47,-5.51,1.12
-9.55,-9.55,2.30,-22.52,-10.17,8.07,-1.30,2.54,-1.35,-1.12,0.42,-0.01,0.70,0.67,-4.40,-11.01,0.48,-0.61,1.59,-0.09
-24.32,0.67,-5.93,-19.76,-3.20,7.53,-0.90,-0.08,0.42,4.36,1.13,-0.65,5.38,-0.41,-9.07,-13.37,-0.38,-0.15,2.16,2.05
-19.45,-11.50,11.49,-25.54,-12.09,3.23,-2.07,7.70,-5.49,0.47,-0.21,-1.60,-1.70,-0.47,-1.91,-15.15,-0.90,-1.92,1.36,1.40
-6.92,-19.04,-2.55,12.30,16.52,24.86,-1.65,-2.16,4.57,1.55,-1.57,2.79,0.68,-0.83,-8.71,0.76,1.69,-1.02,2.49,-1.42
1.07,-3.67,-4.13,4.33,16.73,13.10,-3.98,10.42,-5.82,-3.23,1.13,-1.52,-0.24,0.76,4.47,5.50,1.08,0.12,0.24,-1.10
-29.35,7.65,-12.46,-14.15,1.30,4.72,0.27,-7.81,4.77,8.56,-0.51,1.27,4.97,-1.53,-2.92,6.63,0.67,0.89,5.62,-2.86
-70.75,15.98,-1.40,18.96,-22.18,8.31,0.51,-13.23,10.09,-33.58,4.30,-6.92,10.59,-9.16,-0.05,2.46,0.97,0.24,1.94,1.91
4.25,-10.16,7.82,-25.52,-18.69,6.01,-1.61,6.55,-4.67,-2.13,1.74,-0.99,-2.41,1.51,1.06,-10.39,-0.22,-0.21,-2.31,2.18
12.22,-20.37,11.86,-28.92,-25.14,5.39,-1.18,5.26,-3.33,1.10,0.46,0.16,-5.86,2.99,11.02,-2.23,-0.82,0.52,1.91,1.95
52.76,-10.42,9.50,10.80,-21.07,6.59,-1.45,13.01,-10.10,3.71,2.36,-3.47,3.58,0.46,4.21,2.64,0.01,1.96,9.81,-2.94
-13.05,-8.88,3.62,-24.79,-9.32,6.57,-0.95,3.46,-1.53,-0.14,0.45,0.27,1.00,1.78,-2.40,-9.17,-0.60,-0.19,3.10,0.94
9.17,-14.48,6.71,-9.71,-9.16,-7.80,1.20,-1.82,-0.73,3.85,1.53,-1.20,5.82,-0.11,-7.16,8.02,1.82,-1.70,-11.76,2.22
27.74,-18.41,8.06,3.96,-5.61,-14.64,2.00,4.18,-2.80,0.02,4.86,-4.07,6.43,-0.20,1.04,2.17,0.48,1.10,4.04,0.95
27.41,-15.00,8.60,7.23,-5.19,-12.39,1.11,-7.06,3.15,2.30,-0.80,1.28,0.69,-2.81,-3.59,-2.03,-0.45,0.03,-11.01,6.67
-11.70,1.19,-7.60,-19.64,-5.55,4.99,1.02,-5.60,4.01,5.85,-1.35,0.44,1.62,0.47,-0.73,5.24,1.06,1.22,1.90,-0.15
49.27,-9.46,6.24,11.33,-17.76,8.11,-1.93,12.97,-10.01,4.51,3.03,-3.77,5.93,0.01,5.76,5.21,-0.21,0.14,13.39,-1.85
52.29,-14.74,10.74,11.83,-15.85,-1.38,-1.21,10.33,-9.79,2.77,1.44,-2.86,-0.14,0.36,7.46,-1.07,0.27,1.83,11.35,-3.16
52.29,-4.27,10.71,10.54,-23.68,-4.00,-0.77,4.89,-2.83,3.65,6.92,-5.01,11.70,-3.67,-10.91,5.93,2.05,-2.73,-3.95,-1.46
23.56,-6.09,3.87,2.32,8.59,-14.26,1.88,-8.81,5.93,-4.05,-0.64,2.55,-7.83,0.93,4.97,-4.81,0.22,-1.33,5.14,-2.78
-48.65,3.30,-0.77,4.32,-4.55,4.07,0.30,-11.18,8.99,-10.50,1.25,0.53,1.33,2.56,-16.04,-1.09,0.65,-0.10,-1.82,-1.84
10.43,5.81,-2.27,-23.17,-14.89,3.57,-0.32,-6.75,5.05,0.51,-3.15,4.46,-10.43,2.32,10.01,13.74,-0.37,2.64,2.39,-3.29
40.65,-4.13,5.92,5.79,-16.87,-1.44,-0.28,10.65,-7.85,2.85,3.42,-5.08,10.61,-1.37,-6.00,7.93,2.47,-3.63,-9.69,4.61
50.13,72.00,37.23,-2.28,6.21,-18.08,-0.76,7.18,-1.78,-9.74,-7.92,10.57,-15.15,-6.05,1.67,-4.10,1.34,6.18,0.53,-6.04
38.23,1.69,5.71,-19.61,-31.31,5.59,0.13,-12.20,10.05,5.42,-4.46,8.11,-11.14,1.27,14.90,15.45,3.12,0.75,0.21,-2.62
61.72,-14.12,11.45,18.14,-24.01,3.19,2.63,8.34,-6.90,5.82,3.31,-3.53,2.93,-1.24,3.60,-1.71,-0.04,2.85,12.26,-4.58
-65.17,-12.27,17.87,-11.63,-1.02,-6.06,-2.24,9.32,-6.76,8.05,-1.42,1.87,-4.19,-4.81,16.46,5.31,2.24,2.89,1.08,-0.61
40.98,3.41,5.86,2.08,-8.40,-16.60,1.46,5.35,-8.08,-3.23,2.57,-3.53,2.82,1.17,5.42,0.06,-0.62,2.75,-5.65,6.06
11.50,-1.58,1.92,-25.20,-18.52,6.57,-1.67,6.12,-4.39,0.37,2.33,-0.17,-0.72,1.29,2.25,-6.16,-0.53,-0.26,1.11,1.68
34.42,-1.94,7.12,-10.73,-17.92,-9.79,-0.67,1.44,-4.32,1.62,4.27,-2.76,1.53,2.34,1.86,11.69,1.75,-4.97,-14.86,5.21
16.73,5.52,-2.58,-9.87,-6.73,-8.82,2.12,-0.62,-0.20,2.10,1.96,-1.83,7.31,0.68,-3.57,12.21,1.27,-3.40,-14.40,2.47
62.37,-11.22,11.57,16.97,-21.31,-9.59,-0.76,4.81,-3.74,5.02,0.32,-1.53,2.80,-1.77,-0.39,-5.04,-0.36,2.04,2.35,2.41
11.28,-3.61,9.68,-26.05,-17.13,4.79,1.63,6.14,-4.60,-1.98,-0.06,-0.80,-2.68,-0.36,-1.66,-9.94,0.43,-3.50,-4.71,1.82
-10.08,1.14,-6.54,-19.77,-3.86,1.80,0.67,0.30,-0.16,5.29,0.24,-0.44,1.80,0.40,3.80,9.24,0.41,1.00,2.17,-1.45
16.60,-6.22,5.87,-11.73,-9.27,-7.39,0.84,1.49,-4.58,1.35,3.58,-4.70,5.03,2.44,-1.83,12.52,0.33,-3.38,-15.90,5.55
47.23,-1.49,-1.66,14.07,-6.04,-2.30,-0.03,-6.51,3.28,-0.79,-0.68,2.98,-6.84,-1.70,5.51,-7.43,-0.62,1.28,-8.12,5.81
-94.50,3.46,10.51,29.59,-17.85,-3.03,-0.32,4.51,-4.76,8.77,0.64,1.07,-13.92,32.43,-4.84,1.55,0.68,0.07,-1.81,2.01
-21.38,-7.66,0.13,-19.52,-2.61,10.37,-1.96,1.83,-0.55,0.21,-0.19,-0.75,3.38,-0.18,-9.39,-8.03,0.32,-0.16,-0.70,0.96
0.85,-11.24,-1.44,7.08,13.76,18.58,-1.52,0.86,0.28,-1.55,0.08,2.07,-0.47,-0.09,-2.74,5.76,-0.16,-2.21,1.89,-2.88
-13.73,8.39,-8.38,-19.26,-3.69,8.80,-0.09,0.01,1.07,2.68,-0.19,0.28,6.12,-2.76,-8.84,-9.00,-0.74,-0.76,-0.16,2.45
-31.64,-2.47,-1.15,-19.36,-0.66,10.10,-0.74,0.76,0.32,3.44,-0.71,0.28,3.45,-1.20,-11.65,-11.39,-0.97,-0.58,1.93,1.01
-37.91,-10.99,6.20,-19.69,-3.19,8.10,-0.53,4.21,-2.03,-0.28,0.24,-0.74,5.22,-2.51,-8.02,-14.28,0.03,1.27,1.37,2.16
-3.30,-15.48,9.86,-25.16,-13.90,7.42,-1.04,3.12,-2.59,0.77,-1.17,-0.67,-1.04,0.87,-1.03,-13.17,-0.56,-1.08,0.05,1.31
-29.72,-7.56,0.11,-15.50,-0.34,10.13,-0.88,-2.16,1.82,3.59,-1.05,1.82,5.14,-1.51,-11.69,-8.49,1.03,-0.91,-0.54,1.26
15.99,-5.21,-5.64,10.05,12.44,21.92,-2.06,3.18,-0.12,-0.43,-0.78,1.80,-1.72,0.62,-3.68,2.66,0.90,-1.03,1.49,-3.52
-35.62,-8.60,6.65,-19.96,-5.65,4.52,-1.58,8.91,-7.11,1.75,0.69,-1.38,3.10,-3.43,-1.29,-15.48,-0.01,0.84,3.62,3.47
10.26,-17.22,10.82,-24.81,-26.33,3.73,-0.07,-3.58,2.27,1.04,-1.70,3.61,-8.84,0.51,17.25,12.69,1.51,-0.36,2.14,-2.35
-26.30,3.72,-7.95,-17.95,-0.05,4.89,-0.45,-6.31,4.76,7.50,-2.14,1.07,1.86,-2.98,-2.52,5.03,1.12,1.06,3.95,-3.39
20.76,-11.76,0.02,9.47,8.78,18.85,-2.60,7.20,-2.72,-3.00,1.18,1.12,-2.09,0.46,2.05,3.66,0.71,-1.17,1.49,-1.67
-22.32,-10.10,7.33,-23.91,-9.49,5.03,-1.04,7.23,-4.30,1.39,0.47,-0.41,0.82,-0.79,-2.88,-13.93,0.10,-1.32,1.37,2.99
-96.26,8.87,8.13,27.07,-20.28,6.53,0.16,-8.54,8.01,-26.56,2.98,-4.10,7.06,-11.20,1.62,-1.64,1.85,1.70,0.12,1.62
30.94,-11.00,-0.38,14.31,4.50,23.05,-3.33,8.96,-4.49,-1.08,-0.59,2.01,-3.18,-0.39,3.78,0.59,0.54,-0.33,-3.56,1.03
48.21,-6.34,1.28,17.31,-4.97,26.10,-4.37,4.91,-0.57,1.72,-0.47,4.52,-4.29,-1.36,-0.06,-3.83,0.48,-1.83,-4.48,2.57
26.88,-0.82,-7.06,4.22,3.50,17.40,-1.60,1.25,1.51,2.10,-0.95,-0.01,-1.17,1.04,0.34,1.53,0.48,-1.37,4.65,-1.78
-26.25,-7.34,3.61,-24.10,-3.82,7.41,-1.56,6.56,-3.65,1.47,1.20,-1.56,3.79,-1.60,-6.75,-11.96,-0.30,-2.73,4.39,4.20
-8.33,-8.17,2.70,-23.09,-11.83,10.90,-0.02,1.63,2.68,1.47,-0.48,-0.01,1.85,-0.48,-7.62,-14.94,0.58,-0.75,2.24,0.89
-14.57,-11.53,6.40,-25.80,-7.67,5.42,-0.98,7.17,-4.66,0.02,-0.04,-0.00,1.92,-2.06,-3.31,-15.52,-1.09,-0.55,1.86,2.63
-74.45,10.23,7.57,20.39,-27.59,9.62,-0.48,-10.80,9.18,-42.03,5.08,-8.00,9.33,-9.72,1.63,-0.87,0.69,0.98,2.90,-0.24
28.29,-5.48,0.47,6.76,-4.63,-0.98,3.19,-16.63,8.85,0.79,-1.45,1.79,-6.96,-0.55,3.72,-6.73,-0.86,-1.45,-13.80,8.92
-11.98,27.70,0.34,-19.23,-4.99,0.90,-2.80,8.61,-6.30,-0.79,0.96,-1.55,3.64,-3.17,-3.71,-10.52,-0.13,0.27,-0.62,1.41
-13.95,-3.82,-0.21,-19.36,-8.87,9.14,-0.34,-3.41,3.91,0.93,-0.84,2.04,1.03,0.05,-10.73,-9.89,0.59,-1.06,-0.28,0.11
-10.43,8.71,-7.49,-24.03,-8.95,6.06,-0.92,1.94,-0.96,2.10,0.71,-1.76,2.12,0.89,-1.86,-10.82,-1.16,0.22,3.96,3.60
-7.09,-12.76,8.99,-26.70,-14.94,8.65,-0.80,7.02,-4.07,0.99,1.08,-2.34,0.63,-0.68,-1.88,-13.71,0.37,-1.74,-1.17,6.69
-17.07,-18.12,9.11,-25.76,-12.12,7.67,-1.32,6.19,-1.60,1.82,0.16,-0.41,0.57,0.86,-3.90,-14.24,-0.77,-1.48,1.12,2.96
43.05,10.33,-12.41,16.88,3.88,26.99,-4.04,1.26,1.21,4.93,-2.66,3.34,-3.20,-0.61,-0.52,-3.37,1.07,-1.17,-2.83,1.90
-11.30,-9.42,0.15,0.39,14.64,10.93,-2.96,10.94,-7.39,-0.54,3.36,-2.66,1.34,-2.20,2.40,5.06,-0.48,-3.06,2.46,3.08
-13.15,-9.65,3.96,-21.00,-9.98,11.65,-1.60,1.87,-0.48,2.27,-0.52,2.03,2.10,0.44,-7.18,-11.44,-0.22,-1.17,1.17,1.73
10.69,-14.90,-0.94,10.10,13.92,20.72,-2.06,1.50,-0.17,-1.55,-1.00,1.21,-0.45,-0.99,-1.58,5.15,1.66,-1.31,1.16,-1.92
1.79,-19.31,7.22,3.59,5.40,15.33,-2.09,8.37,-4.15,-7.13,0.37,-0.61,-1.17,0.16,2.28,4.02,1.94,-0.99,0.42,-1.98
16.33,-20.61,11.78,-11.53,-14.72,-9.94,1.33,0.62,-2.31,1.08,1.69,-1.82,2.22,0.88,1.40,8.58,1.38,-2.07,-12.76,2.54
26.16,-11.76,5.78,3.13,2.99,-11.08,0.32,-2.16,0.18,-7.71,-0.38,-0.54,-6.16,1.37,8.20,-7.67,0.12,-0.86,2.58,-0.29
52.03,-8.97,9.84,8.48,-24.97,-2.07,0.91,3.87,-1.26,7.94,1.47,-2.93,9.63,-4.46,-9.45,7.72,2.18,-3.92,-3.74,2.19
13.17,-15.06,10.53,-21.28,-20.25,-0.65,-0.28,4.33,-2.51,3.27,-0.16,-0.74,-4.36,1.85,10.90,5.69,1.80,1.69,0.70,-0.45
15.73,-13.26,1.70,1.06,-0.18,-14.34,1.63,-3.63,0.83,-0.79,1.78,-1.87,7.53,0.04,-4.06,1.29,0.31,0.21,-1.48,2.00
27.37,-12.46,2.02,4.13,5.70,-13.28,2.65,-10.28,6.28,-5.22,0.22,1.30,-5.37,0.11,8.71,-7.80,1.05,0.80,5.78,-0.26
-2.62,-0.36,-1.98,-20.20,-8.63,0.99,-0.72,-5.52,3.04,1.73,-0.87,0.45,-0.37,2.62,2.35,9.59,1.72,-0.37,1.22,-4.23
-77.35,-17.61,16.90,-5.61,3.77,-1.38,-0.53,0.97,0.58,11.21,-4.02,4.61,-3.13,-5.80,4.95,3.71,1.31,2.05,1.08,-2.47
-24.40,-10.26,1.96,-20.10,-4.38,10.50,0.16,-2.52,1.37,1.21,-0.18,0.84,2.17,-0.31,-7.41,-8.66,1.53,-1.21,1.85,-0.00
-30.13,-3.80,-2.63,-16.31,0.59,10.37,-1.19,-1.53,2.49,2.89,-0.46,1.22,3.52,-0.52,-10.64,-7.64,0.02,0.38,-0.03,0.98
15.92,-12.37,8.61,-24.68,-25.38,11.04,-3.01,0.70,0.02,2.03,-0.05,1.67,-2.82,-1.33,1.97,-6.52,-1.83,-0.86,-0.26,2.71
-54.70,27.31,-7.50,18.64,-24.09,9.16,0.06,-13.73,10.74,-42.96,6.94,-8.85,11.34,-7.75,1.86,2.69,3.34,0.20,2.96,1.40
39.15,-9.22,1.27,12.05,-10.51,10.73,-2.61,10.32,-6.12,3.95,1.22,-4.61,7.32,0.72,2.27,3.03,1.31,0.91,10.01,-0.97
8.05,-6.65,4.17,-24.03,-16.57,3.78,-0.74,-4.19,4.51,3.06,-1.32,3.13,-9.83,2.32,12.83,15.81,1.70,2.74,4.31,-3.23
14.89,-9.66,1.87,-0.94,9.84,-14.60,2.01,-7.58,5.85,-5.35,-1.44,0.16,-4.67,3.25,6.58,-4.62,1.24,0.49,6.01,-1.06
9.98,-8.47,4.05,-23.19,-20.03,8.98,-1.78,1.46,-0.66,1.93,0.11,1.10,-1.41,0.06,1.49,-4.90,-0.46,1.05,0.67,2.47
8.70,-7.56,1.26,-22.49,-17.27,6.25,0.20,-10.84,7.33,6.23,-4.54,4.81,-8.71,1.31,12.64,16.78,0.85,0.07,2.87,-4.64
27.45,-4.87,0.21,6.89,1.41,-12.37,2.15,-7.36,4.91,-1.36,1.38,-0.40,1.39,3.28,1.06,-2.62,1.12,-0.00,6.26,-0.62
31.46,-12.13,8.71,-6.80,-18.99,-7.85,1.32,-4.86,3.29,5.64,0.12,-0.47,4.66,0.02,-5.62,13.94,0.55,-5.01,-19.38,4.13
-40.08,25.48,1.32,18.16,-32.36,12.14,2.14,-14.73,9.31,-53.91,8.22,-10.95,9.27,-6.05,2.81,5.11,1.57,3.18,2.66,1.32
19.54,-15.71,14.34,-1.33,-2.20,-21.56,-0.41,3.34,-5.47,-4.79,-1.36,-5.91,2.30,-0.75,2.26,0.59,-0.10,-0.42,-4.94,2.04
-100.27,9.06,9.88,32.04,-16.68,-4.80,-0.34,4.54,-4.80,8.70,0.28,1.83,-14.07,31.26,-3.39,3.17,-0.25,-0.55,-0.22,2.03
36.79,38.50,-17.79,0.02,-0.92,-16.43,1.37,3.42,-4.07,3.62,3.03,-3.36,5.82,-0.92,0.87,-2.04,1.16,1.45,1.16,2.63
-14.10,-10.34,8.77,-23.08,-9.63,-1.10,-1.34,0.58,-1.15,0.26,-1.62,3.35,-7.81,2.40,13.24,12.47,1.21,0.33,1.59,-4.46
-20.72,-4.81,9.53,-19.95,-4.91,0.66,-4.09,5.34,-4.80,-1.20,2.36,-3.49,-1.77,0.43,7.16,6.74,0.83,1.08,-1.71,-1.13
17.25,-7.06,7.25,3.21,1.57,-16.29,2.01,-1.43,-1.33,-4.02,-0.05,-0.97,5.30,-1.60,-5.16,-1.64,0.21,0.04,-2.18,2.22
-116.12,2.62,15.32,36.23,-12.63,-4.13,-0.73,7.51,-6.03,15.10,0.24,1.89,-11.27,19.94,-0.79,0.49,1.14,-0.12,-0.06,2.15
45.06,-13.93,11.32,10.04,-12.06,-12.16,1.11,2.93,-3.09,1.08,1.76,-1.07,0.25,-0.66,2.73,-3.59,0.09,0.68,-10.12,7.92
1.04,-14.67,6.41,-0.80,12.87,-16.11,1.54,0.22,-1.85,-8.60,0.39,-1.66,-4.69,1.27,9.93,-3.57,0.84,0.46,5.26,-0.92
11.77,-10.47,5.32,0.81,11.03,-13.92,1.34,3.86,-2.45,-7.90,1.96,-2.23,-3.91,2.93,9.18,-2.62,0.12,0.08,2.93,0.76
-12.53,23.60,-16.87,-16.85,1.32,1.29,1.35,-4.09,0.88,4.69,1.06,-0.86,3.16,1.24,-2.72,7.34,-0.24,1.03,3.01,-2.05
34.04,-19.74,11.14,8.14,-8.08,-1.47,-1.01,11.21,-7.58,-1.41,2.52,-2.92,4.99,0.05,3.24,3.00,-0.38,1.03,7.36,-3.80
-57.42,31.59,1.92,19.86,-15.32,-2.58,-1.91,1.65,-3.08,-3.57,2.37,-1.06,-10.73,27.09,-6.52,4.68,-0.84,-0.63,-1.85,-2.05
12.07,-17.30,10.21,-4.82,-2.36,-17.58,1.41,3.06,-3.46,-5.84,1.50,-2.98,-0.69,0.51,5.35,2.48,-0.40,-0.27,-11.00,7.41
14.73,-4.10,2.25,-19.42,-14.28,1.42,-0.82,0.64,0.00,1.52,-0.49,0.22,-2.31,1.80,4.36,7.83,0.38,0.17,-2.21,-2.38
-7.26,-2.31,1.94,-22.17,-11.48,1.13,-0.14,-0.41,0.66,0.44,-1.62,2.18,-7.77,0.91,16.49,15.58,0.49,0.46,-0.26,-1.71
10.91,34.81,-15.02,-9.27,-2.19,-10.15,-0.54,1.63,-2.49,2.26,2.53,-2.75,2.38,2.34,-1.88,8.23,5.26,-0.80,-8.85,1.17
-97.32,17.75,9.27,30.18,-10.76,-2.90,-1.33,5.67,-3.43,10.25,-0.53,1.33,-11.56,24.11,-4.27,2.50,1.79,1.09,0.31,0.42
6.60,-13.20,7.12,-20.58,-13.44,1.03,-0.57,-0.37,0.11,1.15,-1.20,1.14,-2.63,-0.03,6.48,10.31,1.54,0.32,-4.06,-0.46
34.34,-17.71,16.62,11.41,-12.03,-6.28,0.17,7.84,-4.87,1.27,1.76,-1.65,1.09,-3.07,1.48,0.64,-2.26,0.86,6.83,-5.24
9.26,-8.72,8.17,-12.53,-6.52,-9.47,0.37,5.66,-4.22,-1.91,3.09,-3.35,4.81,-0.36,-0.76,9.55,1.74,-1.91,-15.13,3.67
18.18,-18.10,12.47,-0.22,-3.95,-19.11,0.86,4.38,-6.22,-3.16,0.93,-5.28,6.10,-1.31,2.05,5.36,-1.21,0.88,-2.41,1.66
-41.22,-17.12,14.68,1.04,16.64,-17.75,0.42,5.56,-4.32,0.23,1.54,-0.94,-0.23,0.20,-4.09,-0.49,-0.14,0.30,-1.77,-0.94
-34.50,35.67,-9.67,10.17,-23.69,4.69,0.44,-5.91,7.27,-47.12,9.14,-12.10,11.28,-8.05,7.61,3.66,-0.72,1.39,-0.62,-0.36
23.67,-17.70,8.58,1.66,-5.84,-6.22,1.74,4.32,-4.57,3.12,3.39,-3.33,9.30,-1.56,-10.84,8.21,-0.22,-1.00,-3.14,-2.49
13.85,-4.36,6.56,-1.82,5.58,-15.24,0.67,9.23,-6.13,-7.12,1.60,-3.81,0.46,1.95,6.79,-4.01,-1.82,0.19,-2.42,3.26
-31.63,-22.42,15.35,-1.67,11.76,-15.34,1.06,6.80,-5.13,-3.28,2.21,-2.17,2.56,-2.80,0.24,3.43,-1.16,-0.18,-4.97,1.52
50.09,-14.21,15.12,6.85,-18.15,-16.04,0.29,9.29,-9.29,-0.47,3.20,-5.43,5.28,-0.85,3.29,0.57,-0.43,1.17,0.85,2.91
20.38,-0.92,13.57,0.21,-1.64,-18.61,0.56,10.86,-8.93,-7.28,1.47,-4.09,-0.42,-2.15,1.75,1.19,0.41,0.24,-9.14,1.79
-119.22,7.48,10.97,39.95,-8.85,-3.80,0.01,-0.06,-0.92,28.33,-5.91,8.47,6.42,-34.41,19.29,-1.29,-0.15,-1.33,-0.04,-0.32
-0.20,-18.68,14.28,-26.25,-15.37,-2.45,-1.08,6.51,-4.11,0.82,-0.93,-0.98,-2.89,2.12,11.38,7.48,-0.64,-0.17,0.78,-1.12
21.53,-25.42,15.05,-3.17,-6.02,-17.87,0.91,4.61,-3.87,-2.70,2.51,-4.05,3.23,-1.70,3.27,1.01,-0.23,-0.34,3.18,0.18
-6.00,-26.07,12.63,-4.30,12.68,-14.79,1.62,-1.02,-0.30,-6.96,-1.67,0.80,-7.78,1.14,8.44,-2.93,1.04,-0.23,3.52,-2.66
35.95,-17.19,7.59,5.43,-9.47,5.43,-1.31,8.51,-6.77,-2.36,4.63,-4.47,3.59,2.87,4.94,5.99,0.18,0.07,5.33,-1.33
28.34,-16.51,12.18,9.52,-7.10,3.44,-1.49,14.23,-9.87,-1.80,2.37,-3.27,2.13,-0.66,-1.05,3.82,-1.11,0.15,5.80,-4.90
-30.35,-22.38,11.91,-19.24,-8.45,2.47,-0.59,-0.60,1.50,2.51,-1.36,1.81,-5.81,0.67,8.79,10.81,1.79,1.37,0.31,-1.51
37.33,-22.74,11.41,10.19,-10.31,-10.70,0.74,-0.33,-0.90,0.81,-0.55,-0.79,2.33,-3.22,-3.11,-2.65,0.04,-0.05,-10.53,4.96
-6.72,-22.24,12.96,-9.29,-5.42,-8.45,0.17,-0.13,-0.63,1.13,0.79,-0.43,5.15,-1.21,-6.90,10.12,2.07,-0.98,-10.99,2.52
27.53,-10.89,3.73,-1.10,-2.38,-7.21,0.79,-2.43,1.35,-5.88,-1.07,1.26,-8.36,0.73,8.45,-4.36,0.38,0.05,-11.95,7.67
43.34,7.84,15.87,1.42,-6.21,-15.18,2.16,8.42,-5.17,-6.61,-3.17,-1.51,-2.89,-3.07,1.26,-2.49,2.02,-2.49,-8.71,9.43
27.88,-20.34,9.56,4.39,-4.87,5.95,-2.25,12.05,-8.54,-3.27,3.32,-1.73,3.96,1.52,1.36,2.20,-1.21,-0.47,3.66,-1.29
-100.89,16.31,11.99,31.39,-10.09,-5.56,2.61,6.60,-6.42,10.27,0.01,0.97,-12.28,22.36,-2.80,-0.41,-1.51,-0.49,0.44,4.84
-56.10,8.75,5.06,17.54,-26.64,11.18,-0.52,-12.71,10.56,-51.96,7.76,-10.57,10.83,-10.14,3.65,2.88,1.46,0.54,1.58,1.96
39.34,-17.54,13.28,11.87,-12.06,-5.43,0.31,-2.41,-2.27,2.33,0.05,-1.15,4.95,0.04,-1.15,0.70,3.05,-0.79,8.95,-3.08
-1.59,-20.48,10.46,-9.04,-5.47,-8.07,1.17,0.03,0.24,0.87,1.43,-2.44,5.18,-0.68,-5.57,10.86,0.72,-2.30,-10.58,2.20
-5.32,-30.47,13.49,1.12,6.78,-15.40,2.96,0.79,-2.26,-3.51,1.92,-3.43,5.60,-1.32,-2.70,4.65,-0.41,-0.09,-1.51,-1.11
-7.14,-10.93,7.87,-26.96,-12.34,5.27,-1.29,3.34,-2.80,-0.92,-0.36,0.32,-1.04,1.91,2.30,-4.99,-0.39,-0.78,-0.44,3.62
23.41,-25.61,12.02,6.16,1.77,6.60,-3.09,12.90,-9.83,-5.43,3.50,-2.95,1.33,0.56,3.79,4.53,1.06,0.45,4.40,-3.69
-10.00,-27.19,9.59,-2.36,14.53,-15.44,2.16,-5.82,3.21,-6.39,-0.48,1.09,-5.48,0.78,6.29,0.33,0.80,-0.70,3.92,-1.16
49.82,-23.96,17.70,11.73,-18.98,-2.41,-0.16,13.45,-10.64,1.61,2.65,-3.10,1.72,-0.21,8.28,-0.28,0.95,1.37,8.68,-4.37
38.15,-24.75,14.28,13.66,-11.16,-6.62,0.38,4.79,-4.80,0.25,0.94,-1.10,2.28,-1.90,-0.60,-3.76,-0.21,0.08,-4.71,4.19
10.50,-13.71,11.25,-0.07,2.86,-14.39,0.25,7.81,-6.20,-4.29,3.26,-3.40,2.27,-1.74,2.55,3.92,-0.35,-0.34,-6.79,2.71
-20.91,-30.10,13.61,-4.05,0.18,-6.11,1.26,-7.85,4.53,5.25,-0.89,1.68,6.37,-3.74,-10.41,10.34,2.47,-2.22,-9.08,1.36
-9.04,-5.69,3.37,-21.64,-10.77,4.12,0.09,-7.23,3.06,1.68,-1.33,1.93,-7.91,2.50,13.78,16.29,-1.92,0.74,-1.57,-2.25
-104.95,7.69,11.69,35.68,-15.91,-4.51,-1.05,5.75,-6.02,11.75,1.07,2.70,-12.57,30.85,-2.78,0.84,-0.96,-0.06,0.32,3.46
-10.56,-9.21,9.51,-23.07,-8.54,-3.33,-0.30,8.37,-5.17,1.96,0.94,-0.13,-1.13,1.60,4.80,5.26,1.23,0.76,2.33,-4.08
63.22,77.19,0.27,5.06,-6.92,-6.19,4.61,1.00,-2.07,5.33,-6.85,8.28,-14.70,-6.91,-2.67,-11.27,-4.06,-2.60,3.70,-5.00
51.40,-0.47,6.30,9.44,-19.66,1.31,1.50,-0.54,-0.89,7.07,-0.44,1.02,11.29,-2.67,-13.89,3.01,1.35,-3.44,1.96,-5.16
48.29,3.08,8.37,1.97,-22.83,-4.22,2.26,5.20,-5.02,5.50,0.85,-2.38,7.51,-5.04,-12.50,2.11,0.76,-3.95,-13.30,0.29
27.60,-11.02,7.18,-1.71,2.55,-15.98,-0.23,-1.65,0.78,-9.65,0.37,-0.33,-8.37,1.75,9.95,-6.49,2.33,-2.17,3.95,-4.27
-13.53,-14.49,4.91,-1.16,14.86,-13.71,0.68,-3.65,2.26,-5.28,0.38,0.02,-1.90,-0.15,1.56,-3.20,1.55,4.36,8.19,-1.67
35.20,-23.51,15.52,10.07,-10.27,-15.80,-0.54,2.03,-1.59,1.33,3.92,-0.61,3.55,-2.55,-2.33,-4.42,-0.99,1.77,-0.55,-0.41
-102.61,-15.05,19.22,15.47,14.29,-6.89,-0.80,5.83,-2.94,18.97,-3.22,5.23,4.43,-12.99,-6.83,-4.48,1.81,1.98,1.06,0.62
35.43,-7.48,8.54,4.60,-11.99,-1.72,1.35,0.83,0.80,3.79,0.66,-2.60,9.28,-3.12,-13.80,7.86,0.63,-2.59,1.58,-2.70
-4.64,-16.16,15.93,-27.26,-19.07,3.62,-2.34,11.48,-9.02,-3.78,1.68,-0.22,-4.25,-0.70,5.28,-12.23,-0.88,-0.70,-0.65,3.60
32.71,3.08,3.27,6.37,-7.18,-10.67,3.03,2.70,3.37,1.90,0.41,-1.02,3.25,-1.12,-4.31,-1.27,-0.91,0.15,-5.30,2.14
20.03,-15.58,8.98,7.87,2.42,-9.33,4.15,-5.49,4.73,-1.36,-1.54,-0.33,1.44,-0.38,-1.91,-1.11,0.19,-1.19,9.29,-3.17
7.29,-14.29,9.25,-9.50,-7.25,-8.84,0.73,-0.60,1.39,1.21,2.07,-0.74,5.44,-1.91,-6.29,9.37,0.43,-4.13,-13.17,2.01
23.69,-26.31,13.64,10.15,-5.72,-4.53,-0.64,3.37,-3.56,2.66,1.11,-1.23,3.86,-2.51,-2.07,-0.33,1.13,0.68,12.32,-6.11
44.79,-21.51,15.71,11.74,-20.44,-10.97,0.76,2.98,-4.57,3.36,2.15,-1.98,5.70,-3.17,-1.28,-1.71,-0.22,0.40,7.09,-0.21
-84.28,0.33,4.95,12.35,-4.90,4.61,1.21,-7.60,5.93,-2.79,-0.79,0.49,2.47,-1.40,-11.14,-2.23,1.09,-0.42,-0.33,-2.52
58.45,4.14,2.41,16.37,-21.32,-3.15,0.33,-1.18,-0.66,7.79,-1.28,0.16,2.13,-3.13,-4.87,-6.52,0.65,0.57,1.72,-1.15
15.14,-27.23,10.51,-0.06,-3.85,-15.77,2.17,-1.24,-1.33,-0.60,2.28,-3.45,6.25,-0.64,-1.66,0.56,1.65,-0.25,3.94,-0.89
-2.01,-19.74,6.37,0.86,11.38,-13.46,2.02,-4.08,1.43,-5.34,-0.02,0.59,-4.69,1.85,5.61,-3.59,1.20,-0.34,5.94,-1.86
-4.17,-8.80,-0.05,-20.34,-8.72,3.60,0.33,-4.82,4.47,6.52,-1.86,1.40,0.38,0.67,0.83,9.89,1.75,1.43,4.54,-3.89
-6.79,-17.53,3.70,-1.64,8.22,-14.61,2.43,-2.46,-0.18,0.17,1.84,-2.55,6.27,-0.30,-3.32,2.78,1.67,-0.27,3.03,-0.93
-24.58,-18.80,9.08,-20.64,-9.72,6.07,-0.56,0.45,-0.21,2.69,0.04,0.69,0.15,-1.55,-1.00,-6.25,0.19,-0.93,1.99,1.69
36.37,-19.35,12.25,3.84,-18.38,-0.66,0.76,-0.75,2.20,3.20,-1.14,0.88,-0.14,-3.22,1.82,3.76,1.83,-1.33,-5.51,0.16
41.80,-22.89,13.34,11.25,-13.86,-0.65,-1.15,7.95,-7.04,2.08,1.54,-2.45,4.94,-0.31,-0.84,-1.39,3.30,2.84,14.35,-5.06
19.88,-29.64,13.78,9.59,-7.55,4.29,-1.73,11.31,-7.53,-0.75,2.72,-2.67,4.47,-1.17,0.75,5.16,0.90,0.53,9.31,-5.00
42.48,-23.17,12.65,15.66,-15.99,2.48,-1.32,7.26,-6.22,3.27,1.70,-1.91,4.86,-1.16,-0.56,0.01,1.76,1.80,14.06,-5.57
-12.93,-28.75,13.46,-0.86,12.49,-14.65,2.65,-3.03,0.64,-5.46,-1.14,2.24,-1.23,1.29,4.50,-4.69,1.08,-1.61,7.39,-2.94
-51.70,7.48,5.68,12.03,-25.53,12.17,0.55,-11.77,10.81,-45.13,5.25,-6.56,8.27,-6.29,-3.22,1.07,1.69,-0.66,1.63,0.27
6.11,-7.40,3.86,-3.17,4.79,-17.16,1.89,1.30,-2.37,-4.13,2.14,-2.57,3.02,0.17,-0.54,1.24,0.30,0.48,3.04,-0.42
20.97,-19.28,7.21,5.57,-0.15,-11.56,1.50,-3.74,1.07,-0.82,0.82,-1.48,2.13,-0.60,0.30,-1.06,0.80,0.35,8.98,-4.32
0.65,-25.77,13.91,0.08,10.57,-17.32,2.85,0.10,-2.90,-7.13,0.21,-0.63,-3.63,1.04,6.84,-4.52,1.23,-0.86,6.88,-2.11
34.22,-14.87,9.43,5.72,-9.45,-15.54,1.53,-0.05,-1.57,-0.34,1.44,-1.78,4.62,-2.28,-1.20,-0.41,2.45,1.17,-2.52,0.98
-70.64,15.05,1.90,19.82,-23.37,10.19,0.94,-14.16,10.78,-39.45,6.47,-8.19,8.47,-9.00,2.35,1.56,1.06,1.04,3.88,-0.62
-2.71,-20.10,10.26,-21.79,-13.97,1.91,-0.61,-2.30,2.26,2.48,-2.16,2.69,-4.55,1.27,7.43,10.89,3.65,-0.29,5.54,-4.58
0.42,4.13,-6.77,-9.18,-0.20,-7.35,1.77,-4.13,2.56,2.18,1.43,-1.96,6.43,-1.49,-7.99,10.62,2.75,-2.74,-8.85,-0.44
-9.00,-14.84,5.85,-1.15,14.45,-13.82,1.96,-5.28,3.51,-5.03,-0.38,-0.39,-5.82,-0.11,6.08,-3.08,0.83,-1.05,5.31,-2.33
40.21,-27.99,17.24,8.48,-15.90,-6.49,-0.75,12.36,-9.25,0.68,2.12,-2.30,2.26,-0.77,5.75,-1.98,1.46,0.09,13.63,-3.42
-11.03,-13.71,10.45,-24.26,-14.14,6.89,-1.20,8.62,-5.75,-1.66,0.46,0.66,0.77,1.97,5.00,-4.09,-0.95,0.03,0.85,3.84
-2.07,-19.52,8.46,-10.39,-4.74,-8.24,2.08,-2.44,0.23,2.46,1.37,-1.55,6.97,-0.89,-8.48,8.16,1.84,-3.12,-10.53,0.64
6.09,-10.03,1.46,-0.77,3.98,-15.00,1.84,-3.60,0.65,-1.26,1.37,-2.01,6.20,-1.05,-4.32,2.53,1.20,-0.30,2.35,-2.23
44.29,-16.18,12.48,13.34,-15.16,-4.97,1.56,3.11,-0.75,2.26,-0.06,1.95,5.79,-3.54,-1.08,-2.58,1.54,-0.66,3.69,-0.63
9.91,-23.31,10.10,3.57,3.62,-13.36,0.95,0.76,-0.14,-3.18,0.78,-1.65,1.38,0.83,1.25,-2.53,1.08,-0.13,6.86,-2.14
31.23,-25.56,13.09,8.77,-11.59,-10.95,1.16,3.10,-2.16,3.18,2.29,-2.98,7.38,-3.00,-2.31,-0.99,0.43,0.32,6.04,-2.14
2.03,-24.81,10.61,-0.32,2.99,-17.42,1.96,-0.61,-0.78,-0.84,2.00,-1.67,4.77,-1.20,-2.12,0.48,1.84,-0.40,3.98,-1.96
31.98,-12.17,15.59,4.80,-14.91,-1.96,-3.06,8.16,-5.50,1.59,3.60,-2.54,9.97,-7.59,-13.88,4.78,1.21,-0.83,-9.88,3.39
25.14,-24.31,12.24,9.48,-2.38,6.89,-0.62,12.58,-5.76,-2.96,2.08,-2.31,3.55,-0.62,1.06,3.23,1.44,0.62,8.98,-4.95
45.74,-22.17,10.96,13.04,-17.07,2.54,-1.07,8.66,-6.25,3.47,1.09,-2.29,2.24,-1.24,1.84,-2.87,1.90,0.75,15.06,-6.13
30.08,-21.80,7.24,12.06,-10.25,7.88,-0.75,2.86,-2.97,3.19,2.84,-3.08,6.69,0.84,-2.98,2.43,1.53,0.96,13.48,-3.98
-2.27,-25.14,9.91,1.86,7.51,-14.02,2.23,-4.32,2.39,-2.68,0.92,0.51,1.62,0.54,-2.19,-2.41,1.24,-0.65,10.17,-3.40
0.96,-15.49,8.86,-9.94,-6.10,-7.18,1.05,-5.20,2.89,-0.05,0.80,-0.10,5.60,-1.36,-9.26,7.48,1.24,-0.06,-9.30,1.53
-10.60,-25.15,9.69,1.41,13.33,-12.90,2.12,-5.94,3.41,-5.13,-0.39,2.16,-2.97,1.35,2.65,-2.06,1.31,-0.60,6.95,-2.70
83.14,131.53,98.21,-5.82,-1.82,-20.80,-17.76,18.15,-10.81,-13.44,-13.59,19.41,-23.85,-19.17,-12.63,1.13,19.64,12.85,-2.34,-7.92
-96.87,14.78,16.18,28.86,-12.56,-3.68,0.53,6.48,-3.47,9.79,-2.51,5.36,-13.40,21.78,-5.07,-0.40,1.15,1.55,1.02,1.99
32.66,-12.02,10.05,3.97,-13.02,-15.73,1.19,2.25,-3.13,-1.02,2.63,-4.28,5.71,-0.40,-3.79,-1.62,1.87,0.72,0.88,-0.04
6.96,3.53,5.02,-6.19,-2.37,-6.61,0.58,-6.22,6.81,2.46,-0.30,-1.02,5.09,-0.36,-9.72,9.37,2.44,-4.61,-12.19,-1.07
29.96,-5.74,0.75,4.41,-2.21,-9.35,2.63,-5.49,2.13,-0.98,0.26,-1.44,1.32,2.36,-1.53,-3.47,-0.33,0.35,9.94,-5.31
9.89,-25.08,14.18,-0.16,-2.99,-17.37,2.38,5.71,-5.24,-1.80,2.26,-3.16,3.77,-0.02,2.22,1.20,1.72,0.47,4.14,-1.24
11.03,14.05,6.62,-2.02,13.04,-15.23,3.69,-0.36,0.24,-8.60,-3.86,5.38,-5.63,0.34,1.35,-4.66,-3.09,-1.74,-0.52,-6.16
-1.71,-22.74,8.49,1.96,5.32,3.73,-1.56,10.13,-7.32,-1.27,2.76,-3.60,5.99,-0.95,-3.86,2.74,1.50,0.40,9.31,-3.46
-3.09,-24.87,8.53,3.48,5.57,7.23,-1.56,9.79,-6.67,-1.46,2.04,-3.24,6.62,-0.95,-3.99,4.13,1.61,-0.02,8.36,-4.09
-110.68,-6.02,20.38,31.50,-12.93,-7.74,0.88,11.44,-10.21,12.86,0.55,1.10,-9.54,20.21,0.89,-2.30,0.92,0.84,3.78,1.24
-12.51,-16.38,16.58,-25.68,-10.65,-2.58,-0.17,11.43,-6.04,2.97,2.62,-0.22,-2.26,0.75,11.04,6.53,4.99,0.19,0.91,0.49
39.15,53.33,-22.95,5.05,-4.35,-9.45,-0.13,3.52,-3.87,7.84,0.66,-2.47,4.22,-1.20,2.39,-5.56,3.92,2.49,12.14,-3.64
-10.10,-11.19,5.49,-22.24,-14.33,9.21,0.92,-1.05,1.57,2.21,-0.10,1.19,-0.66,-0.96,-0.46,-3.99,-0.91,-1.12,1.73,0.27
26.15,-26.67,14.14,9.05,-6.25,-1.45,-1.37,11.68,-9.63,0.02,2.24,-2.91,4.67,-1.00,-0.47,3.05,0.38,0.64,11.47,-6.00
35.02,-18.14,8.37,11.41,-6.89,8.95,-1.40,11.57,-7.89,-0.39,1.99,-2.93,3.20,1.11,2.09,1.95,1.22,0.80,12.58,-5.71
2.87,-14.73,12.30,-10.14,-8.41,-10.36,1.13,2.59,-1.29,-0.66,1.27,-2.64,2.88,-2.04,-4.06,8.28,1.91,-3.56,-13.97,1.43
-107.85,6.70,14.75,34.09,-16.22,-4.77,-1.01,6.07,-4.63,13.88,-0.94,1.87,-12.58,26.41,-3.63,-0.26,0.44,-0.37,-0.16,2.95
24.24,-15.82,7.34,8.35,-3.43,4.54,-0.89,9.26,-3.62,-0.53,0.64,-3.75,4.67,1.04,-1.05,5.19,2.70,1.78,12.55,-4.60
-7.22,-18.07,7.31,-20.46,-9.67,3.59,-0.07,-6.83,7.36,4.48,-0.22,2.04,-2.36,-1.36,2.72,7.88,3.30,-0.36,2.56,-2.99
32.85,-12.75,4.26,11.68,-11.08,8.15,-1.06,5.58,-2.98,4.13,2.11,-1.16,6.54,0.52,-2.40,0.43,1.84,-0.28,10.26,-3.12
21.69,-27.91,14.09,7.75,-8.76,-10.79,2.43,2.23,-1.72,1.24,2.04,-2.59,6.57,-3.28,-5.53,-1.01,0.50,0.02,-2.43,1.97
-12.92,-25.83,9.28,-1.33,13.41,-12.43,2.61,-5.12,2.69,-3.48,-1.26,1.27,-3.57,0.62,3.34,-3.72,1.00,-0.41,8.25,-2.48
18.91,-17.77,3.68,8.79,0.43,6.04,-1.73,9.28,-5.25,0.84,2.29,-2.94,6.45,0.83,-4.77,1.02,0.08,1.48,11.46,-5.53
-9.01,20.69,-11.03,-17.60,-1.04,-1.42,-0.66,-1.12,-1.34,4.36,0.07,-0.37,-0.28,-1.30,3.10,4.82,4.31,0.48,5.74,-3.94
-8.04,-19.86,10.01,-3.14,13.07,-14.25,1.02,2.60,-1.94,-8.41,1.18,-1.57,-3.63,0.46,7.26,-6.88,0.48,-0.15,0.97,0.79
38.00,-30.08,20.84,4.43,-19.94,-16.52,1.20,10.21,-9.41,-0.85,3.45,-4.54,3.45,-1.35,5.60,-3.44,1.14,1.08,7.73,0.07
25.27,-20.42,11.82,5.34,-10.02,-0.05,-0.56,8.42,-6.20,1.18,2.14,-2.87,9.68,-3.93,-11.02,7.97,2.36,-2.74,-9.04,-0.01
30.07,-17.51,8.82,8.03,-5.91,-10.45,0.54,2.69,-3.37,-1.09,2.61,-1.54,1.52,-1.65,0.43,-3.54,1.31,1.16,-7.07,4.92
-47.00,29.77,5.25,11.31,-22.64,3.29,-1.95,-3.54,3.60,-41.52,9.16,-8.48,5.13,-5.95,5.12,0.39,3.15,-1.53,1.66,-2.62
36.08,-11.97,9.44,-0.71,-17.84,-2.21,-0.15,5.11,-4.08,3.57,2.02,-3.67,9.65,-4.48,-10.40,4.56,2.09,-2.22,-9.80,1.56
35.47,-7.86,5.16,7.22,-5.70,-15.78,2.45,-4.13,1.80,1.82,-0.93,0.74,1.39,-1.73,-3.77,-4.22,-0.47,-0.48,-0.05,1.63
16.45,-1.33,-4.73,0.67,11.71,-13.10,1.74,-11.12,6.72,-4.93,-2.12,1.31,-5.08,1.41,0.62,-5.05,0.32,-0.35,7.14,-4.30
22.78,14.26,-9.34,-20.10,-19.94,10.28,0.95,-4.21,2.09,3.22,0.54,-0.01,0.63,0.85,-2.27,-9.82,-1.68,-0.21,3.71,1.81
48.40,-17.86,10.16,12.92,-15.20,0.54,-1.71,11.68,-8.13,1.45,2.34,-2.53,3.87,-0.04,3.24,-0.36,1.24,0.51,12.80,-6.34
49.64,-20.66,13.71,12.38,-21.55,-7.49,-0.26,0.90,-0.00,3.39,-0.17,-0.30,3.67,-3.37,-3.50,-3.95,0.52,0.42,-0.15,1.06
-137.89,-9.97,23.05,46.39,-15.82,-1.21,0.92,1.00,-1.84,25.27,-4.04,7.03,-10.87,15.97,-4.95,-1.91,2.00,0.99,1.45,3.68
11.66,-18.45,6.15,-0.11,-1.00,-15.62,3.34,-5.76,1.53,-1.03,1.35,-1.28,3.70,-0.11,-5.54,0.95,0.01,-0.96,3.08,0.53
13.54,-15.52,5.93,-2.75,2.87,-19.47,3.00,1.38,-2.28,-3.71,2.51,-2.85,5.04,-0.94,0.82,1.15,0.99,0.75,2.31,-1.46
43.90,-6.94,14.59,4.84,-20.06,-1.97,-1.34,10.57,-6.29,2.44,1.91,-1.50,7.35,-5.57,-8.58,5.75,0.12,-3.36,-11.91,1.00
59.68,-11.90,12.83,17.44,-27.43,-5.59,0.45,1.82,-3.72,10.34,0.45,-2.03,6.86,-4.28,-4.80,-4.07,1.72,1.41,10.87,-4.90
42.71,-11.96,11.24,7.92,-11.34,-12.68,0.79,6.57,-4.75,-0.77,0.60,-2.15,2.17,-2.28,-0.34,-2.80,-0.94,-1.69,-0.79,4.08
38.47,-15.21,8.64,8.36,-9.36,-14.52,0.98,0.58,-2.69,-0.76,0.84,-1.72,3.10,-1.58,-1.08,-2.30,0.40,-0.32,-4.71,2.73
27.65,-16.32,7.72,2.54,-4.59,-13.91,2.94,-0.41,0.37,-1.90,1.63,-1.53,1.75,0.52,-0.61,-1.70,2.48,-1.05,10.50,-4.07
9.34,4.31,-7.97,-3.51,6.02,-14.27,1.59,-3.32,0.21,0.41,2.39,-2.21,5.85,0.73,-4.23,0.05,1.29,-0.01,4.03,-2.61
35.81,-12.87,9.93,2.48,-15.07,-1.81,1.31,6.22,-5.30,3.05,1.82,-3.93,8.25,-4.75,-9.85,4.89,-0.72,-1.43,-11.15,1.10
18.33,-10.21,3.35,2.02,2.53,-12.89,1.26,-3.03,1.19,-1.80,0.98,-0.29,1.33,0.84,-1.49,-2.31,1.29,-0.43,6.27,-3.48
27.65,-14.58,6.18,3.85,-11.24,-5.98,0.32,2.45,-2.46,3.98,3.27,-2.27,10.80,-2.21,-12.96,4.38,1.52,-0.66,1.28,-3.35
53.76,-13.87,14.27,15.68,-22.69,-5.60,-0.43,1.15,-2.55,6.57,-0.10,1.38,3.22,-5.04,-1.34,-5.31,-0.15,0.98,-1.93,1.08
55.55,-13.18,16.64,11.75,-21.31,-5.45,-1.05,11.21,-10.10,1.82,-0.01,-2.10,1.16,-1.91,5.37,-0.57,-0.44,2.46,12.52,-6.27
21.75,-15.00,9.35,3.52,-6.94,1.94,-1.68,13.03,-8.45,-3.48,2.78,-4.20,3.84,1.17,2.90,4.28,0.16,0.17,9.19,-6.44
-76.17,3.86,13.57,26.39,-23.93,-2.03,-0.36,5.87,-5.00,2.14,-0.09,0.13,-15.40,34.81,-2.37,4.08,0.08,-1.27,-0.93,0.18
53.73,-8.39,12.68,8.98,-16.65,-5.98,0.26,10.85,-10.59,2.23,2.25,-3.40,0.41,-1.35,5.67,-0.60,3.31,2.62,12.04,-4.98
56.44,-15.02,11.56,13.32,-20.79,0.50,-3.81,9.09,-7.03,2.91,2.23,-2.43,2.62,-1.45,6.00,-1.33,2.02,1.04,13.55,-6.54
16.48,-8.47,2.31,1.60,4.64,-15.51,1.80,-5.41,3.37,-3.66,1.37,-0.16,1.93,-0.55,-1.57,-3.01,1.74,-0.70,4.95,-2.68
35.25,-17.71,24.50,-5.09,-13.81,-26.41,0.63,13.76,-11.33,-5.14,2.10,-4.24,-0.75,-0.70,8.22,-3.55,0.85,-0.54,1.33,-2.38
7.89,-16.02,13.17,-22.15,-16.47,3.91,0.98,10.07,-7.53,-0.22,1.23,-0.33,-2.35,0.15,5.50,-5.00,1.05,-0.20,-3.07,2.53
9.95,-17.66,10.34,-2.87,7.31,-16.60,1.26,0.59,-0.40,-7.19,0.56,0.33,-4.11,0.16,10.00,-4.79,0.85,0.36,4.17,-0.64
25.20,-9.81,11.36,-10.92,-15.44,-10.60,1.89,5.03,-4.29,-1.74,1.94,-2.04,4.85,1.01,-0.24,8.66,2.03,-4.25,-13.99,2.68
50.35,-19.00,13.50,12.34,-19.63,-3.75,-0.39,11.03,-8.53,3.16,2.70,-2.18,6.31,-1.82,3.92,-0.10,1.56,2.35,11.49,-5.00
50.12,-16.15,18.04,5.68,-21.34,-19.64,0.02,9.67,-8.89,-0.50,4.23,-5.59,4.03,-1.46,6.64,-2.55,-0.68,-0.08,-1.58,0.84
15.93,39.20,-20.01,-16.92,-7.97,-3.79,0.14,0.63,-0.92,6.86,0.69,-1.36,1.74,0.93,1.09,6.22,1.73,0.33,4.15,-1.80
-102.45,5.86,11.48,31.03,-15.80,-4.58,0.32,6.21,-4.08,9.27,-0.05,0.37,-13.97,29.33,-3.55,-0.77,1.33,-1.04,0.14,4.59
-2.50,11.89,-14.68,-16.49,-2.90,4.73,0.48,-8.25,5.27,7.13,-1.09,1.01,2.91,-0.53,-2.70,7.66,0.03,0.60,5.54,-4.76
32.73,-21.80,8.36,11.82,-10.08,2.73,-0.22,1.96,-2.50,3.90,0.42,-1.08,3.32,-1.08,-2.10,-0.08,1.83,1.67,12.73,-6.22
54.26,-13.72,10.70,13.76,-23.31,-10.66,1.08,0.30,-0.62,6.24,0.63,-0.17,4.52,-2.85,-3.32,-3.08,1.31,-0.86,3.23,-2.03
42.71,5.66,-5.84,9.33,-8.33,-14.26,1.47,-6.75,4.48,4.80,1.20,0.05,6.30,-0.33,-8.56,-5.06,0.87,0.05,0.67,1.14
-97.35,14.78,4.53,33.81,-14.81,-4.18,-0.13,0.48,-2.12,17.88,-2.75,4.41,-0.90,-7.82,10.24,1.09,-0.83,-2.11,-0.09,-0.09
36.37,-16.72,10.64,8.56,-12.12,-11.69,0.29,3.61,-3.97,0.85,0.48,-3.92,5.73,-2.18,0.15,-4.49,1.09,0.49,0.47,0.46
27.70,-26.86,14.75,11.00,-11.37,-12.49,1.77,2.37,-3.02,4.59,1.38,-2.17,6.61,-3.60,-5.57,-2.24,1.94,-0.19,2.67,-1.38
21.19,-9.08,2.69,2.36,0.05,-9.92,2.28,-6.53,4.43,-0.83,-0.20,0.07,1.93,-0.56,-5.40,-4.31,1.37,-1.02,6.98,-4.39
17.33,-4.68,-4.92,3.59,11.64,-12.06,3.01,-11.63,7.55,-2.82,-1.04,2.51,-3.02,0.81,0.83,-5.64,0.72,-1.63,6.88,-2.83
-11.17,-20.40,7.33,-0.12,11.15,-14.96,2.94,-5.60,3.84,-6.64,-0.17,0.13,-1.85,-0.48,3.23,-2.40,2.00,-1.20,5.18,-2.26
-116.28,16.54,9.84,37.17,-7.44,-5.88,-0.26,3.89,-3.53,29.25,-6.53,8.41,5.58,-34.67,20.55,-1.50,-2.64,-2.50,-2.35,0.58
18.60,-9.91,10.09,-10.46,-12.49,-9.75,-1.66,-1.43,-0.60,0.89,-1.53,-2.97,4.75,0.07,-6.60,8.74,6.66,-5.46,-15.62,2.09
35.06,-15.57,9.62,6.34,-9.35,-14.08,-0.22,1.14,-2.99,-0.46,2.82,-1.31,4.75,-1.43,-0.68,-0.90,0.79,1.14,-4.59,2.80
24.05,-0.63,9.06,-7.84,-11.80,-10.38,0.10,5.48,-3.37,-1.45,1.41,-2.44,2.20,0.62,0.82,7.27,2.05,-1.90,-10.35,-0.71
-96.22,-22.89,16.49,20.35,20.10,-1.55,-1.09,6.79,-4.22,16.59,-2.55,4.05,6.19,-10.85,-6.75,-3.86,3.27,1.59,7.09,-2.05
22.89,-19.37,9.81,1.18,-6.90,-16.77,1.20,2.09,-3.58,-1.34,1.65,-2.87,6.79,-0.65,-1.15,1.76,0.57,-0.61,0.87,-1.15
-94.58,6.19,12.70,30.80,-19.71,-3.57,-1.00,4.41,-5.08,9.25,-0.62,-0.72,-14.22,34.12,-5.18,0.95,0.01,-1.21,2.34,1.33
-3.42,-13.40,7.52,-25.80,-16.27,7.07,-1.59,7.76,-5.77,-1.41,1.10,0.03,-0.06,0.08,2.51,-9.95,-3.16,-0.97,1.16,2.36
14.97,-10.10,6.05,-0.58,2.13,-13.59,1.81,2.44,-2.92,-4.31,1.79,-2.50,-0.39,0.61,2.94,-2.47,0.02,0.81,6.34,-1.92
47.79,-4.95,6.19,15.51,-14.75,-0.22,1.42,5.60,-4.30,4.38,0.93,-2.62,2.73,-1.49,-1.48,-2.94,1.06,1.45,15.06,-7.65
34.11,-3.84,0.24,5.02,-8.75,-1.78,0.84,0.78,-1.36,3.73,1.57,-3.58,10.54,-2.88,-12.24,8.06,2.49,-2.34,-0.55,-2.99
38.37,-17.83,13.61,5.29,-10.17,-17.27,0.69,10.56,-8.60,-3.48,3.26,-3.16,2.80,-1.46,4.84,-5.61,0.30,1.03,-3.15,3.39
34.34,-23.00,11.12,8.36,-12.49,-5.11,0.06,6.97,-6.09,3.55,1.64,-2.94,5.16,0.69,-1.30,-1.73,0.13,1.66,12.36,-5.39
-28.56,-16.75,6.90,-1.42,16.25,-15.34,2.11,-2.68,0.42,-0.79,1.30,-0.68,1.56,-0.38,-0.47,0.95,1.31,-0.11,6.37,-3.09
6.22,37.00,-18.46,-16.01,-3.66,-1.78,1.54,-1.08,-1.29,5.86,0.24,-0.78,2.95,1.49,0.31,6.00,0.77,1.72,3.48,-4.37
39.49,21.08,0.13,3.19,-3.64,-11.41,0.13,-2.28,0.09,-0.03,-3.57,0.11,-0.75,-3.09,-2.20,-4.53,-1.47,2.23,9.64,-3.79
35.92,-15.19,9.33,7.00,-13.80,-5.12,0.56,3.33,-2.46,2.19,1.72,-3.96,9.58,-1.41,-8.57,6.57,0.47,-2.07,0.35,-3.90
17.30,-11.42,2.52,1.86,3.33,-15.01,2.47,-1.40,-0.64,-2.80,1.34,-2.31,1.19,1.04,1.06,-0.51,0.51,0.65,6.44,-3.47
51.47,-17.64,14.58,10.82,-22.29,-2.97,-1.16,8.57,-6.03,3.77,1.20,-0.94,2.88,-2.70,2.93,-1.21,1.25,1.00,4.22,-1.80
-105.16,15.02,8.97,32.62,-12.29,-3.76,-0.18,3.79,-4.42,9.79,-0.98,2.32,-11.15,19.74,-3.82,-1.25,-0.06,4.70,1.07,1.43
32.98,-18.43,11.63,4.56,-10.29,-19.20,-0.02,0.65,-3.25,0.10,1.41,-1.92,6.25,-0.35,-1.23,-2.24,1.27,2.07,2.11,-0.36
23.29,-21.44,10.45,0.13,-2.37,-16.01,2.29,-0.17,0.32,-4.07,0.89,-1.75,0.32,0.05,5.34,-2.45,1.10,1.15,6.05,-1.11
37.85,30.69,-15.25,-0.22,-13.08,-4.48,-0.51,3.58,-4.31,5.67,2.71,-2.42,11.98,-1.47,-9.10,1.49,0.14,-1.42,-7.10,3.83
43.86,-12.26,9.75,12.52,-12.93,-7.73,-0.37,1.70,-3.01,0.96,-0.36,0.19,1.58,-3.02,0.91,-3.84,-0.63,-0.19,-3.65,3.03
40.54,-0.69,0.43,7.86,-8.16,-9.68,0.75,-0.47,-2.39,2.62,1.52,-1.64,6.39,0.69,-3.09,-1.39,1.30,1.83,9.97,-3.72
18.48,-20.52,9.92,-2.15,-8.57,-7.97,0.77,6.08,-4.09,1.53,2.63,-3.84,7.70,-0.53,-6.40,9.06,1.69,-2.39,-3.99,-2.70
-96.44,1.94,10.38,34.34,-16.39,-0.41,0.42,-0.35,-0.91,7.08,-0.36,2.06,-14.52,34.05,-9.18,2.51,-0.35,-0.57,2.23,1.46
39.45,-30.12,17.47,9.17,-16.74,-0.81,-1.36,10.24,-7.71,0.81,3.49,-3.24,4.25,-0.19,1.69,-1.57,0.16,1.62,14.59,-6.97
-3.30,-21.27,16.27,-24.38,-19.51,4.38,-0.44,-1.87,3.15,-2.15,-1.67,4.02,-5.02,-0.31,1.68,-5.56,1.44,-0.99,0.86,-2.80
20.83,-25.64,9.68,11.84,-3.07,7.93,-2.44,5.76,-3.42,1.83,1.32,-0.75,4.34,-1.83,-5.46,2.47,1.49,0.04,12.82,-8.45
34.32,-25.86,15.32,5.35,-13.59,-16.34,1.41,1.15,-3.39,1.55,1.48,-1.89,4.27,-2.63,-2.11,-1.89,0.42,1.48,4.43,-1.68
44.35,-19.93,17.35,11.96,-17.98,-11.36,2.32,0.40,-2.72,4.63,3.09,-2.57,4.18,-5.20,-3.65,-3.98,2.55,0.87,7.02,-3.91
40.91,-20.59,16.48,8.73,-11.83,-2.94,1.42,8.99,-5.99,0.80,1.35,-1.46,3.70,-1.87,-2.16,1.13,-1.49,0.33,15.84,-7.80
-10.52,-21.18,9.96,-24.13,-12.61,1.68,0.41,-4.30,3.85,2.68,-2.73,3.14,-7.71,1.57,13.51,17.13,2.23,0.58,4.79,-5.42
31.20,-27.44,14.03,8.23,-10.49,-14.57,0.97,1.50,-3.02,2.19,0.80,-2.95,5.45,-1.67,-4.71,-2.59,0.66,0.91,4.60,-1.21
-0.38,-19.01,7.35,0.60,12.09,-10.82,1.72,0.04,1.15,-7.37,-0.08,0.60,-5.95,1.62,4.96,-4.49,0.78,-0.63,3.90,-3.00
42.62,-26.85,18.03,9.17,-19.34,-15.99,0.85,2.54,-3.45,3.50,1.93,-1.87,5.66,-3.37,-4.16,-1.95,0.20,-0.49,2.92,-1.73
39.02,-26.58,15.04,8.53,-14.13,-7.05,-1.04,8.47,-7.99,2.07,3.05,-2.35,4.87,-1.32,2.00,0.87,1.24,2.19,13.20,-5.68
-0.27,-22.28,7.40,1.14,13.13,-12.86,2.18,-7.77,4.29,-8.12,-1.47,0.96,-4.88,2.37,1.67,-5.65,1.08,-1.08,6.23,-3.96
-84.90,11.36,3.71,27.62,-14.24,-2.85,0.52,0.44,-1.83,7.37,-0.50,1.61,-14.96,32.99,-8.21,1.46,0.23,-0.74,0.52,0.31
47.37,-20.06,14.20,15.73,-20.83,0.00,-0.60,1.58,-0.54,6.26,-1.90,0.05,2.05,-1.40,-5.10,-3.00,0.04,0.71,4.79,-4.52
31.80,-31.28,17.19,9.65,-12.87,-2.61,-0.51,10.20,-6.18,1.85,1.91,-3.81,5.29,0.11,0.67,0.76,1.53,1.08,14.41,-7.75
29.48,-20.18,9.57,7.36,-5.74,3.21,-1.99,6.29,-4.22,-2.37,2.80,-1.25,1.27,-0.50,2.54,1.66,-1.91,-2.28,7.45,-3.99
12.18,-39.47,20.71,7.63,-8.41,-11.34,1.48,-3.03,1.66,3.26,-0.96,0.41,3.48,-4.25,-4.43,-2.65,2.08,-0.53,2.18,-0.25
48.71,-1.30,-3.17,15.47,-8.00,11.05,-2.49,3.70,-2.28,4.41,0.06,0.94,2.03,0.40,-6.20,-4.77,1.77,-0.02,12.20,-5.99
-6.32,-26.91,12.94,-4.49,12.12,-16.45,1.38,-0.23,-0.71,-8.47,0.80,0.29,-6.57,1.65,8.69,-4.66,3.17,-0.79,6.13,-2.76
39.96,-18.71,12.43,10.56,-13.05,-9.20,0.62,0.34,-1.21,1.57,0.85,-2.95,5.90,-2.07,-4.67,-2.41,2.00,-0.78,0.49,-0.33
4.63,-10.92,4.71,-10.79,-4.60,-10.65,2.06,-2.51,0.94,3.07,0.10,-1.13,4.51,-0.24,-7.08,9.74,2.87,-2.49,-11.62,0.89
52.40,-24.88,18.50,13.70,-23.75,-5.58,1.09,5.44,-3.25,6.19,0.82,0.02,5.32,-3.56,-0.83,-4.61,0.67,1.27,6.77,-2.07
-1.49,-18.06,11.92,-2.56,7.53,-12.96,0.20,-0.89,0.48,-1.46,0.95,-3.25,1.93,-0.08,-2.21,-0.98,0.32,-1.01,-3.64,2.97
2.87,-12.48,13.09,-4.17,8.17,-8.26,1.88,2.26,-1.18,-7.83,-1.38,0.37,-6.30,0.91,7.32,-2.43,-0.55,-1.17,2.29,-3.77
-127.07,4.22,8.07,36.16,-2.00,-2.12,0.37,-2.98,1.47,21.01,-3.68,5.62,-4.09,4.71,-6.20,-2.45,1.20,0.17,3.80,2.18
57.49,-16.38,17.40,14.85,-26.00,0.60,-1.73,5.51,-5.59,5.60,0.61,0.00,2.74,-5.01,-3.37,-2.28,0.40,1.03,0.85,-1.45
42.29,-23.39,14.31,11.96,-16.21,-3.69,-0.35,6.60,-5.79,2.55,1.16,-1.30,1.45,-2.09,1.18,-2.59,-0.24,0.79,8.13,-4.82
48.24,45.12,-19.21,8.92,-5.53,0.35,-1.91,7.06,-5.28,7.61,0.72,-0.04,2.29,1.67,-4.06,-6.85,0.91,2.26,13.00,-7.00
-15.35,-19.53,13.41,-24.82,-6.34,-2.35,-0.14,6.64,-2.93,1.39,-0.36,0.09,-4.00,0.56,3.92,4.72,1.10,0.35,-0.31,-3.43
50.75,-16.36,14.23,11.92,-19.41,-10.34,0.83,-0.27,0.50,1.04,-1.65,1.50,-0.55,-2.47,-3.07,-5.53,-0.66,-1.38,-5.55,3.75
46.42,-15.97,8.14,10.06,-16.83,-2.63,-0.00,1.26,-1.72,6.15,1.35,-1.96,11.69,-4.29,-12.82,5.09,2.71,-3.52,-0.62,-2.28
17.04,-24.18,13.93,2.25,-1.56,-19.37,1.50,3.55,-3.01,-4.26,1.62,-2.92,2.63,-0.81,0.20,-3.05,0.88,0.81,-3.67,0.91
-89.79,22.68,5.25,28.42,-9.48,-4.85,-0.84,1.28,-2.81,19.38,-5.26,4.38,5.11,-31.34,19.68,1.46,-1.02,-3.79,-0.68,-2.71
0.28,-23.09,12.25,-2.81,13.31,-15.71,0.52,0.86,-0.25,-8.92,0.56,-1.55,-4.64,2.02,8.81,-6.05,0.99,-0.56,6.08,-2.65
8.84,-18.90,11.09,-12.02,-10.49,-7.40,-0.15,1.85,-1.77,-1.44,1.51,-2.09,1.24,0.24,-2.09,8.16,0.69,-3.71,-12.07,0.10
33.67,61.88,-22.64,1.51,-2.41,-10.31,0.26,8.63,-5.14,6.96,2.82,-2.61,9.19,-4.33,-8.59,-3.04,2.39,-2.69,-2.82,0.07
32.77,-29.83,16.67,4.23,-11.70,-6.52,-0.32,11.32,-9.66,-1.63,2.17,-3.72,0.96,0.72,5.28,0.03,1.16,1.97,12.93,-7.40
-13.96,-16.92,5.88,-18.03,-5.71,0.16,0.07,1.94,-2.09,1.52,-0.20,-0.43,-0.77,1.01,2.56,5.63,0.43,0.60,-0.63,-0.77
45.17,-25.33,18.13,13.26,-21.98,-5.26,0.14,9.63,-7.49,1.64,2.03,-2.54,3.29,-3.44,0.53,-1.40,0.92,-0.41,6.24,-3.37
4.71,-24.92,12.36,-21.15,-20.98,5.22,-0.09,-9.13,6.59,4.15,-3.00,4.48,-10.11,2.10,11.61,17.35,1.50,1.39,6.38,-7.00
-23.93,-23.24,15.28,-19.62,-8.07,2.48,1.31,-4.23,4.67,2.04,-3.37,4.36,-7.69,-1.13,7.21,10.45,2.45,-0.75,1.36,-4.60
-19.97,-35.83,23.69,-20.15,-15.13,-1.81,-1.26,6.40,-4.84,5.08,-0.04,-0.23,-2.84,-0.42,9.23,2.23,2.67,0.76,6.99,-3.86
53.16,-24.36,12.08,17.52,-18.83,6.75,-2.79,6.24,-5.77,5.02,1.26,-1.58,3.01,-1.11,1.57,-0.89,0.25,1.22,18.03,-9.43
31.08,-24.58,20.48,-10.02,-25.56,-14.01,1.99,5.58,-3.39,1.14,1.65,-2.04,3.62,-1.31,-0.14,4.62,3.21,-2.85,-12.67,2.07
18.76,-21.81,15.00,1.49,-3.79,-18.94,2.94,2.19,-1.94,-0.96,1.18,-1.83,3.10,-1.42,-3.57,-0.54,-0.29,0.59,1.95,0.21
42.32,-19.83,12.98,12.26,-11.92,3.06,-2.15,10.40,-8.13,1.10,2.09,-2.61,3.03,-0.22,0.68,4.02,0.80,1.17,13.26,-5.14
-10.01,-0.82,-0.33,-23.81,-11.07,5.08,-0.87,7.65,-5.73,-0.74,0.51,-2.62,2.33,0.13,1.14,-7.93,-1.85,0.35,0.38,3.86
61.48,43.42,-12.62,10.51,-13.20,-10.11,-0.08,4.44,-5.97,10.63,0.28,-2.04,2.99,-1.17,-0.88,-9.39,2.17,1.59,8.74,1.60
-27.26,36.93,14.50,-12.69,3.54,-5.77,-1.18,7.28,-3.77,-0.08,-4.91,5.62,-10.12,-8.64,0.54,8.17,-5.08,-1.93,1.33,-5.02
2.63,-9.58,1.51,2.46,2.43,1.02,-0.15,-1.72,0.99,3.98,1.58,-1.07,10.61,-3.72,-18.61,5.48,0.08,-2.48,-7.31,-0.18
38.97,-21.74,12.84,6.80,-12.33,0.60,-2.94,10.41,-8.06,-1.34,4.73,-4.57,4.92,0.53,2.47,2.50,1.52,1.36,9.69,-3.00
-34.52,33.65,-3.55,11.70,-24.70,8.75,-0.72,-6.67,5.52,-42.51,5.12,-11.72,8.36,-4.05,4.14,-1.08,1.82,0.75,3.44,1.66
57.80,-14.10,15.39,15.33,-19.90,-4.76,1.63,7.35,-4.70,3.46,1.43,-1.28,4.41,-3.71,1.26,0.87,2.04,-0.93,3.83,-0.98
-5.89,-16.37,8.30,-22.35,-11.62,9.12,1.26,1.81,-2.93,2.29,-0.03,-1.92,3.90,1.09,-8.25,-8.18,0.57,-1.29,-0.11,1.45
35.28,-28.56,11.94,11.85,-7.75,-0.21,-1.02,7.37,-5.72,0.98,2.02,-2.43,5.38,-0.41,-0.70,2.81,-0.44,1.13,10.43,-3.88
56.82,-13.50,11.88,14.55,-20.09,-4.12,0.93,0.35,-2.50,6.57,3.45,-1.97,5.18,-4.23,-3.58,-1.68,0.18,1.67,5.32,-2.50
36.60,-25.99,8.05,13.23,-8.14,4.93,-1.80,4.90,-4.62,3.31,1.38,-0.44,4.50,1.45,-1.60,3.04,0.99,0.93,14.53,-6.66
27.10,56.22,-25.61,-0.83,5.20,-17.47,0.39,2.23,-3.18,5.43,1.55,-1.03,4.64,1.29,-3.22,-5.35,0.41,0.98,3.93,-0.54
-17.91,-21.26,14.22,-23.24,-7.79,-2.36,-0.90,8.42,-5.83,1.46,2.93,-0.85,-1.01,1.09,7.22,7.61,0.87,-0.05,2.92,-1.21
-5.57,11.70,-12.73,-18.69,-2.82,4.93,0.19,-8.06,5.96,7.30,-0.95,1.75,1.45,-0.28,-3.23,5.68,1.72,-0.00,3.31,-4.34
50.90,60.53,-21.05,6.32,-7.12,-12.41,2.65,4.20,-5.56,8.11,1.04,-2.57,3.53,-1.00,-0.91,-9.64,1.40,1.58,6.17,-2.30
31.80,-28.20,10.96,11.22,-4.71,3.52,-0.22,8.16,-6.52,1.23,1.18,-1.60,4.54,-0.35,-1.60,3.49,-1.39,1.65,11.51,-4.19
-5.62,-26.69,11.37,-2.83,11.55,-16.92,1.93,-0.15,-2.05,-6.14,0.43,-1.76,-1.53,1.98,4.65,-2.18,0.88,0.16,5.07,-1.86
35.67,-1.01,6.40,4.54,-8.43,-1.61,-0.78,6.29,-4.39,2.06,2.57,-2.45,8.70,-3.16,-12.47,11.78,2.36,-1.93,-4.44,-2.51
29.40,38.93,9.09,3.71,-50.99,8.27,0.09,-4.92,1.11,-48.11,3.33,-9.03,-4.50,16.47,0.64,-1.47,-1.06,-1.57,-0.34,-0.15
50.78,-14.77,15.04,11.77,-20.12,-4.98,0.19,6.78,-7.18,4.92,1.65,-3.01,6.29,-2.29,-0.34,0.18,-0.00,0.66,6.18,-2.05
-5.26,-11.78,-0.59,3.77,17.93,14.56,-2.84,5.78,-2.50,-3.96,0.08,-0.72,1.19,0.33,-1.78,5.22,0.07,-1.93,1.64,-4.11
54.45,28.68,-13.53,10.29,-11.34,-4.27,-0.13,1.67,-2.47,10.70,0.79,-1.09,5.65,-0.35,-1.96,-5.99,1.75,2.40,14.01,-3.77
26.71,-13.74,5.44,8.83,-1.92,5.98,-0.44,4.90,-2.18,-0.37,1.28,-0.72,4.51,-0.10,-5.72,6.00,-2.32,0.49,7.68,-4.19
10.48,22.09,-4.20,-24.09,-11.86,5.33,-0.90,1.29,-3.38,0.95,0.15,2.00,-0.47,1.48,-2.96,-11.24,-1.76,-0.28,3.19,1.32
-44.76,34.67,-0.94,14.25,-19.31,6.25,1.93,-9.41,9.62,-39.79,4.71,-7.26,9.22,-6.49,-0.39,2.32,-0.29,0.76,-0.66,-0.93
31.40,-14.44,4.96,9.60,-1.42,8.80,-0.62,10.31,-4.03,0.92,0.49,-2.40,3.69,-0.52,-3.45,1.76,0.68,-1.09,11.86,-4.16
56.42,6.31,18.89,13.00,-13.09,-9.36,1.79,-0.18,0.45,1.15,-1.40,0.52,-2.27,-7.54,-8.74,-4.18,-0.96,-2.43,-3.21,-4.36
48.03,-9.49,6.28,10.90,-16.42,6.99,-1.31,4.79,-5.22,2.63,0.08,-4.39,4.01,1.51,0.34,0.20,1.38,-0.38,12.79,-4.52
42.26,-17.11,11.05,7.22,-16.50,-13.05,1.35,-2.18,-0.62,2.26,0.86,0.40,5.87,-2.93,-2.97,-1.63,0.70,0.43,5.25,-2.57
35.40,-18.31,11.43,5.02,-14.32,0.29,-0.15,6.01,-3.94,3.27,2.18,-2.07,9.56,-4.43,-10.66,7.82,0.68,-2.51,-11.47,0.64
40.90,-0.41,5.34,-4.36,-20.45,-6.16,4.81,-10.64,5.14,8.31,-0.11,-3.60,8.20,-2.12,-13.37,8.14,1.92,-3.96,-14.03,0.59
47.87,4.50,-4.89,9.37,-11.98,-11.73,4.93,-11.43,6.03,6.59,0.54,0.62,4.72,-2.49,-9.44,-5.84,-0.11,-0.27,-0.17,1.97
53.62,14.97,24.31,6.21,-16.65,-1.82,-0.72,6.66,-3.07,-3.05,-5.22,6.55,7.54,-8.03,-16.45,4.94,-4.73,-7.67,-12.29,-2.25
21.70,-29.65,8.73,14.20,-4.35,6.49,-0.96,-4.01,1.94,3.61,0.07,1.27,2.67,-2.51,-3.64,3.08,1.33,0.53,11.89,-5.73
57.55,-14.35,11.85,14.94,-23.29,-6.95,0.52,0.16,-1.12,7.45,0.99,0.62,6.01,-4.50,-5.08,-2.60,0.91,0.70,5.06,-0.80
41.22,-21.46,11.97,13.27,-15.38,-7.06,1.15,-1.56,2.58,5.62,0.61,0.29,5.13,-2.56,-5.84,-3.28,2.94,0.98,10.33,-3.28
-65.31,5.39,9.42,25.70,-34.20,11.54,1.36,-14.86,10.84,-44.23,5.76,-9.07,2.01,7.63,-5.18,3.13,-0.07,-0.34,3.51,0.81
34.79,-17.21,9.80,7.45,-9.33,-16.31,1.83,-4.90,2.14,1.97,-0.22,-0.14,2.42,-3.52,-6.54,-3.08,0.29,-0.59,-2.89,0.03
33.86,-2.42,15.66,-7.75,-16.39,-7.12,-1.88,-4.37,3.31,2.09,-3.49,0.55,1.05,-2.24,-12.31,7.38,-0.85,-5.54,-13.85,-1.73
68.86,-11.98,19.51,11.53,-39.87,1.77,-2.13,-4.81,3.03,9.47,-1.51,5.30,-3.99,-6.14,3.44,-4.09,1.86,-2.90,-7.14,1.45
0.58,-21.48,8.14,-4.87,5.06,-16.44,1.93,-2.45,0.47,-4.47,0.79,0.21,2.32,1.85,2.00,1.07,0.98,-0.91,4.39,-2.95
25.57,-29.64,9.68,16.14,-9.39,11.39,-0.97,-0.95,1.45,8.14,-0.60,1.19,7.56,-3.18,-8.08,1.80,0.87,0.38,14.11,-5.07
6.21,3.00,3.47,-21.78,-16.05,7.55,-1.37,0.19,0.79,-0.20,-1.20,2.38,-2.51,-2.34,-2.75,-4.30,-1.48,-0.28,1.08,0.19
21.35,-16.29,4.78,8.14,3.33,8.36,-2.14,10.65,-4.96,0.35,2.12,-1.36,3.71,-0.50,-3.81,4.37,0.67,-0.44,9.40,-7.45
4.12,-17.70,9.48,-0.75,13.11,-13.78,4.27,-7.09,1.75,-7.41,0.91,-0.45,-4.06,1.52,4.11,-3.34,-0.29,-1.85,4.05,-3.19
63.98,6.69,18.01,18.02,-23.76,-4.72,-0.19,-2.53,-0.88,3.97,-5.18,4.73,-1.74,-9.46,-10.50,-4.38,0.14,5.78,1.35,3.48
53.97,-21.22,14.59,15.67,-20.59,-6.51,-0.03,2.92,-3.80,4.84,1.41,0.91,4.07,-3.09,-3.05,-4.70,0.68,-0.54,4.40,-1.80
64.68,-13.61,13.05,17.89,-28.92,-3.25,0.85,-2.99,1.08,8.05,-2.72,3.10,0.42,-5.82,-2.11,-8.53,-0.21,1.74,0.66,3.01
45.69,-22.15,11.29,13.74,-14.60,-1.56,1.04,6.89,-4.73,2.82,2.12,-2.70,4.22,-0.45,-1.55,-0.34,0.65,0.33,10.30,-5.30
34.64,-31.49,14.58,16.94,-15.73,2.32,0.49,1.26,-0.54,8.37,-0.30,0.16,4.70,-2.93,-2.54,-0.17,-0.08,1.71,12.52,-5.14
44.54,-12.29,5.76,9.89,-18.55,-4.41,0.52,-4.71,5.00,8.38,0.87,-0.36,11.08,-5.21,-17.44,3.03,0.44,-1.54,-0.05,-3.60
15.26,-21.90,9.47,2.93,8.59,-16.36,1.27,-7.59,4.28,-6.16,-0.82,-0.03,-5.45,0.25,3.68,-7.19,0.68,-0.75,4.98,-1.57
54.91,-14.54,14.97,10.32,-21.97,-13.53,0.93,5.20,-2.02,2.18,2.48,-0.93,3.04,-1.54,1.02,-4.25,0.60,-0.54,-2.70,2.80
-4.20,-13.16,7.41,-21.89,-10.09,0.08,0.70,-0.74,0.36,2.06,-1.30,0.91,-2.44,2.35,3.37,5.74,-0.73,0.09,1.40,-4.06
44.05,-11.32,10.78,7.47,-17.08,0.86,0.10,5.92,-4.42,5.22,0.97,-2.41,10.98,-6.56,-13.55,6.11,1.32,-3.17,-10.38,0.96
42.60,-18.78,13.64,12.55,-16.14,-7.11,0.59,3.13,-2.58,2.19,0.75,0.38,5.92,-4.56,-4.19,-3.59,0.40,0.98,6.59,-3.42
45.49,-1.45,2.02,10.47,-18.20,-1.41,1.45,-9.05,7.69,9.92,-2.95,-0.06,7.99,-4.47,-20.52,3.25,-0.54,-3.44,-2.07,-3.92
23.56,-1.83,8.74,-6.83,-12.12,-6.45,0.27,-9.23,5.97,2.36,2.04,2.35,1.62,-1.77,-11.99,8.50,0.47,-3.58,-16.13,-0.90
-5.96,-26.99,11.86,-4.16,6.17,-15.66,1.09,-1.06,0.46,-0.21,2.33,-1.17,4.07,-1.53,-4.12,0.11,0.85,-1.05,3.54,-2.70
34.75,-19.86,8.56,11.03,-7.95,0.28,-0.96,6.11,-3.64,1.51,2.82,-1.53,5.65,-1.78,-4.49,-0.08,0.63,0.75,13.60,-7.88
52.58,148.23,49.66,-14.43,4.58,-13.17,-14.92,12.46,-0.09,-7.96,-1.30,8.83,-19.62,-12.48,-7.65,-1.85,7.58,-0.52,-4.32,-13.18
25.38,-18.03,8.25,2.86,-7.14,1.55,-1.14,6.25,-4.18,-0.80,1.52,-3.04,2.79,-2.29,3.10,4.73,-0.78,-0.50,11.32,-6.28
-100.45,16.78,8.10,34.54,-11.49,-2.31,-0.98,-2.84,0.71,23.13,-2.21,7.67,5.56,-34.37,18.49,0.50,-3.12,-3.29,-3.73,-1.36
39.52,-26.49,15.06,14.61,-16.30,-7.74,0.65,-8.00,5.27,3.54,-1.10,2.98,2.14,-3.51,-7.74,-5.51,-0.21,-0.63,-6.56,4.17
15.23,-8.67,9.40,-7.35,-10.01,-5.90,2.47,-8.18,5.93,3.42,-0.35,0.20,3.70,-2.79,-12.45,7.46,0.87,-3.68,-13.63,-1.14
2.56,-13.93,5.10,0.67,14.00,-9.21,2.38,-12.07,7.35,-6.47,-1.11,2.76,-5.13,0.64,-1.12,-5.04,0.50,-0.94,4.28,-3.53
43.84,-10.27,3.72,11.99,-15.74,0.07,1.14,-6.20,3.91,9.87,0.91,-0.71,14.00,-3.80,-20.52,6.09,1.77,-3.39,0.49,-4.85
43.75,-15.42,12.49,11.19,-16.59,-4.96,1.05,-1.58,-1.17,3.59,-0.60,1.86,6.42,-1.76,-7.13,1.40,1.38,0.45,13.77,-7.83
40.51,-24.47,12.25,11.37,-15.53,-3.96,-0.13,2.15,-1.72,2.50,0.38,-0.93,3.35,-2.15,-3.60,-3.26,-0.67,0.92,11.27,-5.42
-127.96,2.71,15.79,40.63,-10.75,-3.14,-1.68,3.68,-3.92,21.93,-2.01,4.08,-8.21,14.24,-1.30,-2.88,0.75,1.64,0.35,3.35
23.21,37.89,-23.31,7.09,3.11,-5.45,1.11,0.56,-1.23,8.84,1.07,-1.22,6.34,-0.91,-5.94,-5.13,-0.34,1.13,13.62,-5.05
48.45,-10.75,13.55,12.45,-14.63,-8.27,-1.72,-1.82,-0.75,4.72,2.99,0.77,2.11,-4.89,-6.10,-5.63,-0.62,-1.69,-0.36,-4.01
16.84,-9.65,0.98,6.25,7.46,16.32,-0.11,-0.67,2.09,-2.95,-1.31,2.82,-1.74,-2.56,-6.39,2.50,0.58,-1.70,5.01,-5.78
3.00,-21.87,10.06,-9.00,-5.56,-8.15,2.37,-4.03,3.74,2.05,-0.22,-1.10,5.57,-1.25,-9.86,10.86,2.37,-3.46,-14.56,1.67
45.81,-0.99,20.03,8.90,-11.04,-9.16,1.08,-0.38,-0.63,-0.77,-1.46,1.30,-1.24,-4.18,-4.07,-5.43,-1.61,-1.28,-4.81,3.17
13.86,-16.05,8.97,-8.36,-8.69,-7.53,2.95,-4.14,1.92,-0.04,0.21,0.37,4.06,-3.90,-10.67,9.54,1.31,-4.11,-13.43,-0.64
2.65,-18.46,3.99,1.37,7.74,-11.90,3.46,-11.79,7.06,-3.69,-0.20,0.67,-0.94,0.91,-3.60,-2.92,0.95,-0.70,7.91,-4.74
-114.35,-0.58,14.69,36.99,-15.75,-3.17,0.68,2.29,-2.07,11.45,-1.29,2.29,-11.98,26.38,-8.25,-1.75,1.20,0.70,2.18,0.65
33.16,-15.56,10.97,10.26,-7.67,-11.64,1.00,-3.64,1.61,0.90,1.89,1.54,5.45,-2.98,-7.88,-4.70,0.89,-1.35,0.29,-1.40
-14.59,-13.22,12.56,6.64,9.98,-2.86,-1.44,2.89,-1.65,0.65,-1.43,2.79,2.93,-3.27,-13.51,-0.05,-0.98,-0.29,7.39,-9.66
37.13,-23.14,8.31,12.91,-8.95,-3.01,-0.16,-1.21,-0.01,4.52,0.05,-0.44,5.26,-1.93,-5.70,-0.07,0.31,-0.54,12.20,-5.78
52.50,-19.92,12.69,15.85,-20.79,-7.99,0.96,-3.78,2.27,8.27,0.55,0.60,4.41,-3.68,-6.98,-5.03,1.88,0.73,3.12,-0.21
38.00,-16.38,12.70,8.04,-9.55,-12.51,-0.40,1.09,-2.01,0.21,1.62,-1.83,2.33,-2.35,-5.16,-2.84,0.73,1.15,2.00,-2.80
38.99,-11.95,11.74,3.48,-14.25,1.08,-0.56,5.41,-3.85,3.12,1.80,-1.82,11.70,-3.72,-13.08,6.66,-0.17,-5.22,-11.50,0.85
-14.34,-13.57,7.42,-22.95,-11.30,5.69,-0.22,-0.88,1.58,-0.69,-1.95,2.76,-4.07,0.00,0.95,-1.82,-0.74,-1.09,0.91,-1.92
-58.96,8.53,8.07,14.25,-19.23,4.61,-1.59,-1.70,3.23,-6.51,2.97,-1.19,-5.45,14.09,-8.29,-0.76,-0.84,-0.90,-3.23,-1.02
20.77,4.28,11.51,-8.34,-6.34,-6.51,4.34,-8.04,2.19,0.69,-1.30,3.76,5.19,-1.20,-10.91,9.16,-5.24,-7.61,-12.79,4.70
43.87,-10.95,20.07,10.15,-20.26,-0.04,3.90,5.36,-6.17,-6.55,-0.15,-2.29,-1.10,-0.69,-3.60,-1.94,-2.98,-2.15,13.63,-3.96
34.70,-21.47,9.44,9.84,-9.78,7.13,-1.78,6.04,-4.43,1.33,0.59,-2.32,3.86,-0.71,-2.58,-0.34,0.13,-1.47,6.88,-1.26
56.36,-22.04,15.42,17.45,-22.26,-4.01,-0.82,2.97,-2.02,4.12,0.30,1.05,2.62,-2.92,-3.96,-4.95,-0.56,-0.11,4.93,-4.48
12.26,10.68,-11.80,-17.66,-10.64,2.73,2.04,-9.07,5.11,7.69,-1.71,1.83,0.09,0.72,-3.74,7.96,-2.91,-2.31,7.07,4.35
16.09,-18.02,5.75,1.56,4.04,-13.25,1.85,-3.18,2.83,-2.20,1.50,-0.27,1.16,0.36,-3.74,-2.94,0.89,-0.16,8.21,-5.13
12.71,-12.73,9.15,3.41,6.25,4.27,-0.55,8.25,-4.13,-4.15,-0.65,0.36,-0.36,0.11,-1.40,2.93,-1.38,-0.36,7.08,-7.29
34.34,-9.89,5.21,12.66,-17.78,-1.01,2.07,-3.60,2.06,3.51,0.55,-0.14,3.89,11.10,-17.66,6.73,0.85,-2.69,0.99,-4.97
31.35,-24.94,10.62,12.11,-7.00,1.20,-1.30,6.28,-3.46,2.49,-0.45,-2.16,4.46,0.65,-4.31,0.49,0.01,1.65,14.40,-7.99
40.84,0.93,0.86,9.65,-13.10,-3.85,2.21,-3.92,1.79,6.97,2.11,-0.40,13.52,-1.12,-17.23,3.79,0.32,-0.17,2.38,-5.60
7.82,-25.01,14.53,-7.07,-11.27,-6.80,2.02,-2.67,0.39,2.25,0.02,-0.67,4.92,-1.87,-8.52,7.69,2.15,-2.60,-9.33,-0.17
35.61,-25.86,12.71,13.61,-15.22,-7.22,0.01,-4.34,2.21,6.63,1.83,0.92,5.69,-2.66,-6.23,-0.59,2.63,-1.03,6.77,-2.82
21.86,-30.51,12.67,8.36,-6.55,-1.79,-1.01,3.55,-2.88,2.58,1.71,-0.67,4.10,-0.58,-3.39,0.09,0.47,0.95,5.92,-3.10
38.84,-16.45,7.66,13.28,-14.60,8.18,-1.61,4.36,-3.39,3.80,0.81,-0.79,4.54,-1.37,-0.60,1.95,2.45,-0.60,14.60,-5.06
26.14,-19.40,2.23,13.38,-3.04,8.31,-1.04,4.82,-2.13,5.22,1.93,-1.92,8.11,0.40,-7.66,-0.07,2.19,0.61,16.13,-7.37
11.28,-26.74,12.87,-1.40,-1.81,-14.39,2.31,-0.29,-0.15,-1.11,1.94,-1.26,4.38,-1.51,-1.40,1.36,4.43,-0.27,2.29,-0.19
7.57,-19.02,10.73,5.02,3.96,-9.07,1.91,-5.98,3.24,-2.32,-0.13,1.75,2.35,-1.99,-7.92,1.45,2.38,2.67,8.80,-3.10
-89.50,16.03,15.86,25.10,-10.10,-4.53,0.53,4.56,-1.18,4.59,-2.42,4.11,-17.90,23.20,-13.29,0.46,-4.45,-3.90,-1.42,-3.91
0.34,-23.02,9.76,-0.35,1.20,-11.99,1.88,-0.59,-0.49,-1.64,1.30,-2.22,6.06,-0.79,-4.02,3.07,0.83,0.33,3.11,-1.80
38.28,-23.52,13.98,12.87,-13.74,-12.27,0.87,1.10,-1.87,3.74,1.01,-0.46,6.54,-1.88,-4.58,-2.30,1.65,1.59,6.03,-2.17
47.17,-23.77,14.20,12.05,-19.19,-7.35,-0.62,6.56,-5.75,2.47,1.45,-2.64,3.16,-0.21,2.54,-3.21,0.95,2.64,10.61,-3.19
41.76,-19.69,14.64,6.91,-21.52,-1.65,-0.63,7.23,-3.41,2.88,1.01,-2.60,11.72,-4.36,-9.87,7.37,0.12,-3.61,-11.79,1.19
6.75,-9.47,7.23,-10.63,-6.73,-7.70,1.44,-1.61,-1.59,-0.40,1.74,-1.76,3.44,-0.34,-4.15,8.74,1.36,-0.48,-11.11,2.53
31.98,-19.10,7.16,13.71,-5.92,7.04,0.16,3.99,-3.50,2.39,0.92,-1.48,3.32,-1.66,-3.07,3.45,1.08,1.58,14.08,-7.64
-80.64,-6.05,8.67,9.26,-7.81,6.94,-0.29,-6.61,5.57,-7.60,-0.76,0.27,1.42,1.19,-13.25,-1.44,2.00,0.05,0.78,-1.55
27.61,-33.32,14.83,10.69,-10.68,-2.31,-0.25,2.25,-2.63,3.82,1.63,-1.23,5.64,-2.25,-1.77,0.41,1.30,0.68,13.45,-6.02
19.29,-24.50,10.28,7.07,-4.96,-12.43,2.15,-6.82,3.86,0.86,-0.78,-0.07,4.64,-3.03,-10.75,-3.52,-0.61,-1.21,0.12,2.87
13.38,-0.65,14.74,-0.53,3.38,-11.10,4.18,-0.99,2.91,-2.20,0.63,-0.06,3.80,-0.02,-7.59,3.93,-0.62,2.93,1.26,-5.45
-7.55,-32.36,17.46,-2.00,4.43,-18.22,1.36,3.05,-4.00,-0.12,3.28,-3.60,4.19,0.10,3.26,0.91,1.38,-0.46,5.89,-1.20
32.77,-16.89,7.72,8.96,-7.97,-2.74,1.71,-7.00,5.29,2.09,-1.18,0.58,2.07,-1.19,-4.88,-2.05,-0.07,-0.67,8.93,-3.62
26.72,-16.32,3.63,10.62,-9.47,0.26,0.02,-7.00,4.91,6.58,1.41,-1.54,12.53,-3.63,-17.59,6.94,0.80,-2.45,1.60,-2.53
-71.09,11.65,7.04,20.11,-20.60,8.06,0.31,-14.42,10.00,-38.27,6.16,-5.47,6.34,-10.66,-3.77,-0.75,0.41,1.56,2.32,-1.28
41.80,-26.51,16.10,13.91,-20.82,-6.50,0.08,-4.73,2.46,6.74,-1.98,-0.99,5.47,-4.85,-8.05,-3.96,-0.78,-0.29,4.36,-1.73
5.99,-25.47,16.89,-10.72,-10.20,-9.66,-0.14,-1.21,-0.36,2.35,-0.69,-0.61,5.16,-0.04,-5.39,8.80,3.01,-3.08,-13.83,1.98
28.88,-24.47,9.18,14.15,-4.27,10.27,-1.94,5.73,-3.03,2.14,-0.97,-0.66,2.80,-2.08,-2.28,0.07,1.23,-0.28,9.57,-4.78
36.94,-22.68,10.41,15.57,-11.97,2.91,-0.01,1.14,-2.52,5.59,1.12,-0.07,6.86,-1.68,-3.80,0.20,2.23,1.61,16.92,-8.45
19.09,-35.59,14.67,12.22,-6.73,-1.39,-0.17,0.67,-1.45,4.81,0.25,-0.14,3.70,-2.04,-2.94,0.95,0.85,1.29,12.72,-5.80
25.49,-21.18,7.65,9.42,-4.79,-8.58,1.23,-2.36,0.76,2.98,1.20,-0.36,5.41,-3.65,-6.72,-2.18,2.06,-1.09,-1.03,0.71
26.13,29.51,-13.62,2.93,1.20,-15.25,2.30,-8.41,3.64,2.81,0.36,-0.22,5.12,-0.69,-9.42,-3.39,-1.93,-2.80,1.33,0.45
20.39,-22.16,6.44,11.41,0.01,8.79,0.47,0.45,-0.34,0.98,-0.04,-1.99,4.97,-0.87,-4.66,2.66,1.78,1.52,13.86,-8.46
-8.16,-25.97,15.74,-19.82,-14.41,2.48,-0.87,-1.72,2.53,4.48,-1.69,0.44,-3.21,0.59,6.87,10.02,1.33,2.44,4.40,-1.72
18.14,-9.81,-3.40,6.23,1.16,-11.41,3.38,-14.27,7.65,4.93,0.36,1.10,6.63,-1.73,-11.07,-2.58,-0.41,-1.12,4.34,0.06
33.05,-20.69,13.42,6.00,-13.55,-16.07,1.29,-1.92,0.32,3.78,1.62,-0.80,6.32,-3.24,-7.72,0.45,1.96,1.86,7.11,-3.13
6.11,-24.87,12.74,0.88,-6.89,-1.82,1.96,0.57,-2.28,3.06,1.05,-1.29,10.97,-5.44,-13.30,6.19,0.99,-2.97,-10.86,0.79
17.40,-21.62,4.38,6.56,1.36,-6.98,1.41,-7.03,4.85,-0.01,-0.78,-1.42,3.18,-0.21,-4.08,-1.42,1.73,-0.21,8.61,-3.45
-25.03,-22.87,11.02,-21.82,-9.20,6.60,-0.57,1.27,-0.12,1.90,-2.51,0.82,-0.27,-1.59,-2.93,-7.65,0.03,-1.63,2.71,1.34
16.52,-11.15,5.16,-1.98,12.48,-17.55,0.12,-4.75,2.87,-7.14,6.11,-0.93,-5.63,1.35,6.78,-6.73,-1.36,-1.51,4.33,-3.11
33.25,-29.66,10.74,13.73,-8.84,4.24,0.18,2.26,-2.56,4.18,0.13,0.30,3.66,-1.65,-1.20,0.34,0.66,0.38,15.98,-6.51
24.94,-5.49,-2.26,4.47,2.37,-13.07,3.93,-12.34,7.88,1.73,0.70,0.74,2.59,1.14,-4.50,-5.13,1.99,0.48,8.41,-2.74
38.06,-25.46,9.04,11.75,-14.56,5.30,0.01,2.75,-3.17,5.96,1.71,0.61,4.56,-1.61,-0.98,-0.73,1.88,0.07,11.99,-4.42
-106.31,-1.74,15.13,34.13,-16.13,-2.87,-0.54,3.58,-3.95,12.56,1.25,2.08,-13.94,30.35,-5.81,0.08,1.43,1.15,2.38,1.94
46.75,-23.61,13.33,16.24,-23.15,0.63,-1.58,-3.73,2.26,7.76,-0.15,0.88,6.35,-5.50,-7.00,-2.89,2.38,0.83,4.87,0.05
4.76,-0.83,-4.19,-0.51,13.52,-9.82,2.56,-9.14,6.76,-4.65,-2.34,2.15,-3.62,0.45,1.36,-3.17,1.09,-1.40,6.73,-3.37
36.29,-10.50,0.87,10.41,-8.58,-11.63,2.15,-10.25,5.21,5.21,-0.30,2.18,5.58,-2.19,-7.02,-4.55,1.66,-0.92,-1.10,3.46
53.42,-18.70,15.76,17.18,-26.56,-6.29,1.59,-1.58,-0.43,7.32,-1.72,0.30,3.37,-5.13,-3.19,-5.74,0.94,0.40,2.63,0.36
18.81,-26.18,9.26,8.80,-4.51,-9.73,2.29,-5.48,2.49,2.78,0.88,-0.55,6.07,-2.64,-8.48,-2.22,1.42,-0.43,-0.56,1.18
